datetime,location_name,pm25,pm10,no2,co,o3,so2,hour_sin,hour_cos,month_sin,month_cos,day_sin,day_cos,is_weekend,target_lat,target_lon,aqi
2025-02-18 20:15:00+00:00,"Shivaji University, Kolhapur - MPCB",41.68,61.63,3.17,0.29,9.23,1.91,-0.8660254037844386,0.5000000000000001,0.8660254037844386,0.5000000000000001,0.7469720876965552,0.6648553979642865,0,16.6870449,74.2505872,115.52763819095478
2025-02-18 20:30:00+00:00,"Shivaji University, Kolhapur - MPCB",40.6,48.87,3.23,0.27,10.26,1.92,-0.8660254037844386,0.5000000000000001,0.8660254037844386,0.5000000000000001,0.7469720876965552,0.6648553979642865,0,16.6870449,74.2505872,112.8140703517588
2025-02-18 20:45:00+00:00,"Shivaji University, Kolhapur - MPCB",40.39,46.39,3.15,0.45,9.16,2.27,-0.8660254037844386,0.5000000000000001,0.8660254037844386,0.5000000000000001,0.7469720876965552,0.6648553979642865,0,16.6870449,74.2505872,112.28643216080403
2025-02-18 21:00:00+00:00,"Shivaji University, Kolhapur - MPCB",40.39,46.39,3.16,0.43,9.87,1.66,-0.7071067811865477,0.7071067811865474,0.8660254037844386,0.5000000000000001,0.7469720876965552,0.6648553979642865,0,16.6870449,74.2505872,112.28643216080403
2025-02-18 21:30:00+00:00,"Shivaji University, Kolhapur - MPCB",38.04,45.93,3.07,0.47,9.8,1.73,-0.7071067811865477,0.7071067811865474,0.8660254037844386,0.5000000000000001,0.7469720876965552,0.6648553979642865,0,16.6870449,74.2505872,106.38190954773869
2025-02-18 21:45:00+00:00,"Shivaji University, Kolhapur - MPCB",37.68,45.86,3.11,0.47,9.91,1.79,-0.7071067811865477,0.7071067811865474,0.8660254037844386,0.5000000000000001,0.7469720876965552,0.6648553979642865,0,16.6870449,74.2505872,105.47738693467336
2025-02-18 22:00:00+00:00,"Shivaji University, Kolhapur - MPCB",37.68,45.86,3.01,0.48,8.08,1.53,-0.5000000000000004,0.8660254037844384,0.8660254037844386,0.5000000000000001,0.7469720876965552,0.6648553979642865,0,16.6870449,74.2505872,105.47738693467336
2025-02-18 22:15:00+00:00,"Shivaji University, Kolhapur - MPCB",34.22,46.19,3.13,0.47,9.24,1.37,-0.5000000000000004,0.8660254037844384,0.8660254037844386,0.5000000000000001,0.7469720876965552,0.6648553979642865,0,16.6870449,74.2505872,97.46781115879828
2025-02-18 22:30:00+00:00,"Shivaji University, Kolhapur - MPCB",33.59,46.26,3.1,0.28,9.39,1.74,-0.5000000000000004,0.8660254037844384,0.8660254037844386,0.5000000000000001,0.7469720876965552,0.6648553979642865,0,16.6870449,74.2505872,96.1158798283262
2025-02-18 22:45:00+00:00,"Shivaji University, Kolhapur - MPCB",33.59,46.26,3.14,0.3,8.99,1.34,-0.5000000000000004,0.8660254037844384,0.8660254037844386,0.5000000000000001,0.7469720876965552,0.6648553979642865,0,16.6870449,74.2505872,96.1158798283262
2025-02-18 23:00:00+00:00,"Shivaji University, Kolhapur - MPCB",33.59,46.26,3.13,0.29,7.68,1.15,-0.25881904510252157,0.9659258262890681,0.8660254037844386,0.5000000000000001,0.7469720876965552,0.6648553979642865,0,16.6870449,74.2505872,96.1158798283262
2025-02-18 23:15:00+00:00,"Shivaji University, Kolhapur - MPCB",40.04,40.0,3.28,0.3,6.82,1.19,-0.25881904510252157,0.9659258262890681,0.8660254037844386,0.5000000000000001,0.7469720876965552,0.6648553979642865,0,16.6870449,74.2505872,111.4070351758794
2025-02-18 23:30:00+00:00,"Shivaji University, Kolhapur - MPCB",41.23,38.85,3.36,0.32,5.26,1.68,-0.25881904510252157,0.9659258262890681,0.8660254037844386,0.5000000000000001,0.7469720876965552,0.6648553979642865,0,16.6870449,74.2505872,114.39698492462311
2025-02-18 23:45:00+00:00,"Shivaji University, Kolhapur - MPCB",41.23,38.85,3.48,0.33,3.39,1.38,-0.25881904510252157,0.9659258262890681,0.8660254037844386,0.5000000000000001,0.7469720876965552,0.6648553979642865,0,16.6870449,74.2505872,114.39698492462311
2025-02-19 00:00:00+00:00,"Shivaji University, Kolhapur - MPCB",41.23,38.85,3.58,0.36,2.23,1.48,0.0,1.0,0.8660254037844386,0.5000000000000001,0.7583058084785624,0.6518989958787126,0,16.6870449,74.2505872,114.39698492462311
2025-02-19 00:15:00+00:00,"Shivaji University, Kolhapur - MPCB",39.34,40.43,4.03,0.41,2.27,0.97,0.0,1.0,0.8660254037844386,0.5000000000000001,0.7583058084785624,0.6518989958787126,0,16.6870449,74.2505872,109.64824120603016
2025-02-19 00:30:00+00:00,"Shivaji University, Kolhapur - MPCB",39.0,40.72,4.57,0.42,2.7,0.71,0.0,1.0,0.8660254037844386,0.5000000000000001,0.7583058084785624,0.6518989958787126,0,16.6870449,74.2505872,108.79396984924622
2025-02-19 00:45:00+00:00,"Shivaji University, Kolhapur - MPCB",39.0,40.72,4.64,0.43,3.22,0.72,0.0,1.0,0.8660254037844386,0.5000000000000001,0.7583058084785624,0.6518989958787126,0,16.6870449,74.2505872,108.79396984924622
2025-02-19 01:00:00+00:00,"Shivaji University, Kolhapur - MPCB",39.0,40.72,4.45,0.45,3.15,0.84,0.25881904510252074,0.9659258262890683,0.8660254037844386,0.5000000000000001,0.7583058084785624,0.6518989958787126,0,16.6870449,74.2505872,108.79396984924622
2025-02-19 01:15:00+00:00,"Shivaji University, Kolhapur - MPCB",39.8,43.17,4.52,0.53,3.3,0.77,0.25881904510252074,0.9659258262890683,0.8660254037844386,0.5000000000000001,0.7583058084785624,0.6518989958787126,0,16.6870449,74.2505872,110.80402010050251
2025-02-19 01:30:00+00:00,"Shivaji University, Kolhapur - MPCB",39.95,43.63,5.7,0.56,2.77,0.58,0.25881904510252074,0.9659258262890683,0.8660254037844386,0.5000000000000001,0.7583058084785624,0.6518989958787126,0,16.6870449,74.2505872,111.18090452261308
2025-02-19 01:45:00+00:00,"Shivaji University, Kolhapur - MPCB",39.95,43.63,6.56,0.74,2.51,1.08,0.25881904510252074,0.9659258262890683,0.8660254037844386,0.5000000000000001,0.7583058084785624,0.6518989958787126,0,16.6870449,74.2505872,111.18090452261308
2025-02-19 02:00:00+00:00,"Shivaji University, Kolhapur - MPCB",39.95,43.63,6.69,0.59,2.43,1.14,0.49999999999999994,0.8660254037844387,0.8660254037844386,0.5000000000000001,0.7583058084785624,0.6518989958787126,0,16.6870449,74.2505872,111.18090452261308
2025-02-19 02:15:00+00:00,"Shivaji University, Kolhapur - MPCB",47.61,34.75,6.46,0.67,2.81,1.09,0.49999999999999994,0.8660254037844387,0.8660254037844386,0.5000000000000001,0.7583058084785624,0.6518989958787126,0,16.6870449,74.2505872,130.42713567839195
2025-02-19 02:30:00+00:00,"Shivaji University, Kolhapur - MPCB",49.02,33.12,6.33,0.56,2.45,1.02,0.49999999999999994,0.8660254037844387,0.8660254037844386,0.5000000000000001,0.7583058084785624,0.6518989958787126,0,16.6870449,74.2505872,133.96984924623115
2025-02-19 02:45:00+00:00,"Shivaji University, Kolhapur - MPCB",49.02,33.12,6.52,0.63,2.48,1.14,0.49999999999999994,0.8660254037844387,0.8660254037844386,0.5000000000000001,0.7583058084785624,0.6518989958787126,0,16.6870449,74.2505872,133.96984924623115
2025-02-19 03:00:00+00:00,"Shivaji University, Kolhapur - MPCB",49.02,33.12,6.86,0.7,1.47,1.23,0.7071067811865476,0.7071067811865476,0.8660254037844386,0.5000000000000001,0.7583058084785624,0.6518989958787126,0,16.6870449,74.2505872,133.96984924623115
2025-02-19 03:15:00+00:00,"Shivaji University, Kolhapur - MPCB",46.73,44.92,8.93,0.74,0.67,1.25,0.7071067811865476,0.7071067811865476,0.8660254037844386,0.5000000000000001,0.7583058084785624,0.6518989958787126,0,16.6870449,74.2505872,128.21608040201005
2025-02-19 03:30:00+00:00,"Shivaji University, Kolhapur - MPCB",46.3,47.1,9.1,0.78,0.74,0.95,0.7071067811865476,0.7071067811865476,0.8660254037844386,0.5000000000000001,0.7583058084785624,0.6518989958787126,0,16.6870449,74.2505872,127.1356783919598
2025-02-19 03:45:00+00:00,"Shivaji University, Kolhapur - MPCB",46.3,47.1,9.02,0.75,4.5,1.31,0.7071067811865476,0.7071067811865476,0.8660254037844386,0.5000000000000001,0.7583058084785624,0.6518989958787126,0,16.6870449,74.2505872,127.1356783919598
2025-02-19 04:00:00+00:00,"Shivaji University, Kolhapur - MPCB",46.3,47.1,9.26,0.82,9.96,1.23,0.8660254037844386,0.5000000000000001,0.8660254037844386,0.5000000000000001,0.7583058084785624,0.6518989958787126,0,16.6870449,74.2505872,127.1356783919598
2025-02-19 04:15:00+00:00,"Shivaji University, Kolhapur - MPCB",36.13,70.08,10.55,0.78,15.99,1.87,0.8660254037844386,0.5000000000000001,0.8660254037844386,0.5000000000000001,0.7583058084785624,0.6518989958787126,0,16.6870449,74.2505872,101.58291457286433
2025-02-19 04:30:00+00:00,"Shivaji University, Kolhapur - MPCB",34.25,74.32,11.48,0.66,19.58,2.37,0.8660254037844386,0.5000000000000001,0.8660254037844386,0.5000000000000001,0.7583058084785624,0.6518989958787126,0,16.6870449,74.2505872,97.53218884120173
2025-02-19 04:45:00+00:00,"Shivaji University, Kolhapur - MPCB",34.25,74.32,10.16,0.62,23.14,3.91,0.8660254037844386,0.5000000000000001,0.8660254037844386,0.5000000000000001,0.7583058084785624,0.6518989958787126,0,16.6870449,74.2505872,97.53218884120173
2025-02-19 05:00:00+00:00,"Shivaji University, Kolhapur - MPCB",34.25,74.32,10.63,0.68,25.59,4.81,0.9659258262890683,0.25881904510252074,0.8660254037844386,0.5000000000000001,0.7583058084785624,0.6518989958787126,0,16.6870449,74.2505872,97.53218884120173
2025-02-19 05:15:00+00:00,"Shivaji University, Kolhapur - MPCB",26.93,91.97,8.79,0.57,30.97,6.06,0.9659258262890683,0.25881904510252074,0.8660254037844386,0.5000000000000001,0.7583058084785624,0.6518989958787126,0,16.6870449,74.2505872,81.82403433476395
2025-02-19 05:30:00+00:00,"Shivaji University, Kolhapur - MPCB",25.58,95.22,7.36,0.44,33.89,7.99,0.9659258262890683,0.25881904510252074,0.8660254037844386,0.5000000000000001,0.7583058084785624,0.6518989958787126,0,16.6870449,74.2505872,78.92703862660944
2025-02-19 05:45:00+00:00,"Shivaji University, Kolhapur - MPCB",25.58,95.22,8.16,0.51,34.38,9.13,0.9659258262890683,0.25881904510252074,0.8660254037844386,0.5000000000000001,0.7583058084785624,0.6518989958787126,0,16.6870449,74.2505872,78.92703862660944
2025-02-19 06:00:00+00:00,"Shivaji University, Kolhapur - MPCB",25.58,95.22,9.06,0.5,35.73,8.56,1.0,6.123233995736766e-17,0.8660254037844386,0.5000000000000001,0.7583058084785624,0.6518989958787126,0,16.6870449,74.2505872,78.92703862660944
2025-02-19 06:15:00+00:00,"Shivaji University, Kolhapur - MPCB",28.63,112.67,7.19,0.5,42.66,8.95,1.0,6.123233995736766e-17,0.8660254037844386,0.5000000000000001,0.7583058084785624,0.6518989958787126,0,16.6870449,74.2505872,85.47210300429185
2025-02-19 06:30:00+00:00,"Shivaji University, Kolhapur - MPCB",29.2,115.88,7.4,0.4,42.41,8.21,1.0,6.123233995736766e-17,0.8660254037844386,0.5000000000000001,0.7583058084785624,0.6518989958787126,0,16.6870449,74.2505872,86.69527896995709
2025-02-19 06:45:00+00:00,"Shivaji University, Kolhapur - MPCB",29.2,115.88,7.55,0.39,42.75,8.47,1.0,6.123233995736766e-17,0.8660254037844386,0.5000000000000001,0.7583058084785624,0.6518989958787126,0,16.6870449,74.2505872,86.69527896995709
2025-02-19 07:00:00+00:00,"Shivaji University, Kolhapur - MPCB",29.2,115.88,5.89,0.36,45.1,8.18,0.9659258262890683,-0.25881904510252063,0.8660254037844386,0.5000000000000001,0.7583058084785624,0.6518989958787126,0,16.6870449,74.2505872,86.69527896995709
2025-02-19 07:15:00+00:00,"Shivaji University, Kolhapur - MPCB",28.87,113.54,6.13,0.38,47.18,7.99,0.9659258262890683,-0.25881904510252063,0.8660254037844386,0.5000000000000001,0.7583058084785624,0.6518989958787126,0,16.6870449,74.2505872,85.98712446351932
2025-02-19 07:30:00+00:00,"Shivaji University, Kolhapur - MPCB",28.81,113.11,5.645,0.36,50.5,7.585,0.9659258262890683,-0.25881904510252063,0.8660254037844386,0.5000000000000001,0.7583058084785624,0.6518989958787126,0,16.6870449,74.2505872,85.85836909871244
2025-02-19 07:45:00+00:00,"Shivaji University, Kolhapur - MPCB",28.81,113.11,5.16,0.34,53.82,7.18,0.9659258262890683,-0.25881904510252063,0.8660254037844386,0.5000000000000001,0.7583058084785624,0.6518989958787126,0,16.6870449,74.2505872,85.85836909871244
2025-02-19 08:00:00+00:00,"Shivaji University, Kolhapur - MPCB",28.81,113.11,5.3,0.35,51.48,4.51,0.8660254037844387,-0.4999999999999998,0.8660254037844386,0.5000000000000001,0.7583058084785624,0.6518989958787126,0,16.6870449,74.2505872,85.85836909871244
2025-02-19 08:15:00+00:00,"Shivaji University, Kolhapur - MPCB",30.54,99.03,5.77,0.33,48.45,6.9,0.8660254037844387,-0.4999999999999998,0.8660254037844386,0.5000000000000001,0.7583058084785624,0.6518989958787126,0,16.6870449,74.2505872,89.57081545064378
2025-02-19 08:30:00+00:00,"Shivaji University, Kolhapur - MPCB",30.86,96.43,6.81,0.39,49.92,6.83,0.8660254037844387,-0.4999999999999998,0.8660254037844386,0.5000000000000001,0.7583058084785624,0.6518989958787126,0,16.6870449,74.2505872,90.25751072961373
2025-02-19 08:45:00+00:00,"Shivaji University, Kolhapur - MPCB",30.86,96.43,6.17,0.39,53.13,6.94,0.8660254037844387,-0.4999999999999998,0.8660254037844386,0.5000000000000001,0.7583058084785624,0.6518989958787126,0,16.6870449,74.2505872,90.25751072961373
2025-02-19 09:00:00+00:00,"Shivaji University, Kolhapur - MPCB",30.86,96.43,5.15,0.38,55.23,6.8,0.7071067811865476,-0.7071067811865475,0.8660254037844386,0.5000000000000001,0.7583058084785624,0.6518989958787126,0,16.6870449,74.2505872,90.25751072961373
2025-02-19 09:30:00+00:00,"Shivaji University, Kolhapur - MPCB",28.38,91.93,5.15,0.36,54.32,6.77,0.7071067811865476,-0.7071067811865475,0.8660254037844386,0.5000000000000001,0.7583058084785624,0.6518989958787126,0,16.6870449,74.2505872,84.93562231759657
2025-02-19 09:45:00+00:00,"Shivaji University, Kolhapur - MPCB",28.38,91.93,6.11,0.38,53.49,6.27,0.7071067811865476,-0.7071067811865475,0.8660254037844386,0.5000000000000001,0.7583058084785624,0.6518989958787126,0,16.6870449,74.2505872,84.93562231759657
2025-02-19 10:00:00+00:00,"Shivaji University, Kolhapur - MPCB",28.38,91.93,4.87,0.35,53.63,6.53,0.49999999999999994,-0.8660254037844387,0.8660254037844386,0.5000000000000001,0.7583058084785624,0.6518989958787126,0,16.6870449,74.2505872,84.93562231759657
2025-02-19 10:15:00+00:00,"Shivaji University, Kolhapur - MPCB",25.25,87.33,3.75,0.36,54.15,6.12,0.49999999999999994,-0.8660254037844387,0.8660254037844386,0.5000000000000001,0.7583058084785624,0.6518989958787126,0,16.6870449,74.2505872,78.21888412017168
2025-02-19 10:30:00+00:00,"Shivaji University, Kolhapur - MPCB",24.67,86.49,4.6,0.38,54.14,5.61,0.49999999999999994,-0.8660254037844387,0.8660254037844386,0.5000000000000001,0.7583058084785624,0.6518989958787126,0,16.6870449,74.2505872,76.97424892703863
2025-02-19 10:45:00+00:00,"Shivaji University, Kolhapur - MPCB",24.67,86.49,7.68,0.37,42.61,4.71,0.49999999999999994,-0.8660254037844387,0.8660254037844386,0.5000000000000001,0.7583058084785624,0.6518989958787126,0,16.6870449,74.2505872,76.97424892703863
2025-02-19 11:00:00+00:00,"Shivaji University, Kolhapur - MPCB",24.67,86.49,6.23,0.39,39.83,4.81,0.258819045102521,-0.9659258262890682,0.8660254037844386,0.5000000000000001,0.7583058084785624,0.6518989958787126,0,16.6870449,74.2505872,76.97424892703863
2025-02-19 11:15:00+00:00,"Shivaji University, Kolhapur - MPCB",28.17,85.36,6.27,0.36,38.48,4.79,0.258819045102521,-0.9659258262890682,0.8660254037844386,0.5000000000000001,0.7583058084785624,0.6518989958787126,0,16.6870449,74.2505872,84.48497854077254
2025-02-19 11:30:00+00:00,"Shivaji University, Kolhapur - MPCB",28.81,85.16,5.95,0.38,37.17,4.97,0.258819045102521,-0.9659258262890682,0.8660254037844386,0.5000000000000001,0.7583058084785624,0.6518989958787126,0,16.6870449,74.2505872,85.85836909871244
2025-02-19 11:45:00+00:00,"Shivaji University, Kolhapur - MPCB",28.81,85.16,9.25,0.41,34.74,5.3,0.258819045102521,-0.9659258262890682,0.8660254037844386,0.5000000000000001,0.7583058084785624,0.6518989958787126,0,16.6870449,74.2505872,85.85836909871244
2025-02-19 12:00:00+00:00,"Shivaji University, Kolhapur - MPCB",28.81,85.16,8.17,0.45,37.71,5.8,1.2246467991473532e-16,-1.0,0.8660254037844386,0.5000000000000001,0.7583058084785624,0.6518989958787126,0,16.6870449,74.2505872,85.85836909871244
2025-02-19 12:15:00+00:00,"Shivaji University, Kolhapur - MPCB",30.94,94.08,8.57,0.46,37.65,5.32,1.2246467991473532e-16,-1.0,0.8660254037844386,0.5000000000000001,0.7583058084785624,0.6518989958787126,0,16.6870449,74.2505872,90.42918454935624
2025-02-19 12:30:00+00:00,"Shivaji University, Kolhapur - MPCB",31.33,95.73,7.92,0.47,36.12,2.15,1.2246467991473532e-16,-1.0,0.8660254037844386,0.5000000000000001,0.7583058084785624,0.6518989958787126,0,16.6870449,74.2505872,91.26609442060087
2025-02-19 12:45:00+00:00,"Shivaji University, Kolhapur - MPCB",31.33,95.73,9.72,0.51,33.38,4.2,1.2246467991473532e-16,-1.0,0.8660254037844386,0.5000000000000001,0.7583058084785624,0.6518989958787126,0,16.6870449,74.2505872,91.26609442060087
2025-02-19 13:00:00+00:00,"Shivaji University, Kolhapur - MPCB",31.33,95.73,7.74,0.54,30.37,3.64,-0.2588190451025208,-0.9659258262890683,0.8660254037844386,0.5000000000000001,0.7583058084785624,0.6518989958787126,0,16.6870449,74.2505872,91.26609442060087
2025-02-19 13:15:00+00:00,"Shivaji University, Kolhapur - MPCB",32.08,97.05,7.95,0.54,20.57,3.26,-0.2588190451025208,-0.9659258262890683,0.8660254037844386,0.5000000000000001,0.7583058084785624,0.6518989958787126,0,16.6870449,74.2505872,92.87553648068669
2025-02-19 13:30:00+00:00,"Shivaji University, Kolhapur - MPCB",32.22,97.29,9.32,0.54,15.87,2.84,-0.2588190451025208,-0.9659258262890683,0.8660254037844386,0.5000000000000001,0.7583058084785624,0.6518989958787126,0,16.6870449,74.2505872,93.17596566523605
2025-02-19 13:45:00+00:00,"Shivaji University, Kolhapur - MPCB",32.22,97.29,8.1,0.56,13.9,3.16,-0.2588190451025208,-0.9659258262890683,0.8660254037844386,0.5000000000000001,0.7583058084785624,0.6518989958787126,0,16.6870449,74.2505872,93.17596566523605
2025-02-19 14:00:00+00:00,"Shivaji University, Kolhapur - MPCB",32.22,97.29,8.28,0.6,11.93,3.1,-0.4999999999999997,-0.8660254037844388,0.8660254037844386,0.5000000000000001,0.7583058084785624,0.6518989958787126,0,16.6870449,74.2505872,93.17596566523605
2025-02-19 14:15:00+00:00,"Shivaji University, Kolhapur - MPCB",35.73,94.02,8.36,0.6,11.19,3.02,-0.4999999999999997,-0.8660254037844388,0.8660254037844386,0.5000000000000001,0.7583058084785624,0.6518989958787126,0,16.6870449,74.2505872,100.57788944723617
2025-02-19 14:30:00+00:00,"Shivaji University, Kolhapur - MPCB",36.38,93.42,6.65,0.58,12.16,2.97,-0.4999999999999997,-0.8660254037844388,0.8660254037844386,0.5000000000000001,0.7583058084785624,0.6518989958787126,0,16.6870449,74.2505872,102.21105527638191
2025-02-19 14:45:00+00:00,"Shivaji University, Kolhapur - MPCB",36.38,93.42,8.64,0.64,12.12,2.64,-0.4999999999999997,-0.8660254037844388,0.8660254037844386,0.5000000000000001,0.7583058084785624,0.6518989958787126,0,16.6870449,74.2505872,102.21105527638191
2025-02-19 15:00:00+00:00,"Shivaji University, Kolhapur - MPCB",36.38,93.42,8.61,0.64,11.99,2.65,-0.7071067811865471,-0.7071067811865479,0.8660254037844386,0.5000000000000001,0.7583058084785624,0.6518989958787126,0,16.6870449,74.2505872,102.21105527638191
2025-02-19 15:15:00+00:00,"Shivaji University, Kolhapur - MPCB",40.14,90.49,7.11,0.6,12.04,2.91,-0.7071067811865471,-0.7071067811865479,0.8660254037844386,0.5000000000000001,0.7583058084785624,0.6518989958787126,0,16.6870449,74.2505872,111.65829145728644
2025-02-19 15:30:00+00:00,"Shivaji University, Kolhapur - MPCB",40.84,89.95,7.05,0.59,10.85,2.77,-0.7071067811865471,-0.7071067811865479,0.8660254037844386,0.5000000000000001,0.7583058084785624,0.6518989958787126,0,16.6870449,74.2505872,113.41708542713569
2025-02-19 15:45:00+00:00,"Shivaji University, Kolhapur - MPCB",40.84,89.95,7.21,0.62,10.76,2.7,-0.7071067811865471,-0.7071067811865479,0.8660254037844386,0.5000000000000001,0.7583058084785624,0.6518989958787126,0,16.6870449,74.2505872,113.41708542713569
2025-02-19 16:00:00+00:00,"Shivaji University, Kolhapur - MPCB",40.84,89.95,7.2,0.66,11.16,2.72,-0.8660254037844385,-0.5000000000000004,0.8660254037844386,0.5000000000000001,0.7583058084785624,0.6518989958787126,0,16.6870449,74.2505872,113.41708542713569
2025-02-19 16:15:00+00:00,"Shivaji University, Kolhapur - MPCB",41.35,85.55,7.36,0.67,9.92,2.8,-0.8660254037844385,-0.5000000000000004,0.8660254037844386,0.5000000000000001,0.7583058084785624,0.6518989958787126,0,16.6870449,74.2505872,114.69849246231156
2025-02-19 16:30:00+00:00,"Shivaji University, Kolhapur - MPCB",41.44,84.73,7.1,0.56,8.2,2.68,-0.8660254037844385,-0.5000000000000004,0.8660254037844386,0.5000000000000001,0.7583058084785624,0.6518989958787126,0,16.6870449,74.2505872,114.92462311557789
2025-02-19 16:45:00+00:00,"Shivaji University, Kolhapur - MPCB",41.44,84.73,5.93,0.5,8.63,2.71,-0.8660254037844385,-0.5000000000000004,0.8660254037844386,0.5000000000000001,0.7583058084785624,0.6518989958787126,0,16.6870449,74.2505872,114.92462311557789
2025-02-19 17:00:00+00:00,"Shivaji University, Kolhapur - MPCB",41.44,84.73,5.17,0.48,8.92,2.57,-0.9659258262890683,-0.25881904510252063,0.8660254037844386,0.5000000000000001,0.7583058084785624,0.6518989958787126,0,16.6870449,74.2505872,114.92462311557789
2025-02-19 17:15:00+00:00,"Shivaji University, Kolhapur - MPCB",41.97,83.39,5.05,0.5,7.51,2.21,-0.9659258262890683,-0.25881904510252063,0.8660254037844386,0.5000000000000001,0.7583058084785624,0.6518989958787126,0,16.6870449,74.2505872,116.25628140703517
2025-02-19 17:30:00+00:00,"Shivaji University, Kolhapur - MPCB",42.07,83.15,5.8,0.51,8.14,2.66,-0.9659258262890683,-0.25881904510252063,0.8660254037844386,0.5000000000000001,0.7583058084785624,0.6518989958787126,0,16.6870449,74.2505872,116.50753768844221
2025-02-19 17:45:00+00:00,"Shivaji University, Kolhapur - MPCB",42.07,83.15,5.34,0.45,9.05,2.69,-0.9659258262890683,-0.25881904510252063,0.8660254037844386,0.5000000000000001,0.7583058084785624,0.6518989958787126,0,16.6870449,74.2505872,116.50753768844221
2025-02-19 18:00:00+00:00,"Shivaji University, Kolhapur - MPCB",42.07,83.15,5.49,0.44,8.24,2.59,-1.0,-1.8369701987210297e-16,0.8660254037844386,0.5000000000000001,0.7583058084785624,0.6518989958787126,0,16.6870449,74.2505872,116.50753768844221
2025-02-19 18:15:00+00:00,"Shivaji University, Kolhapur - MPCB",42.07,83.15,5.21,0.44,8.24,2.59,-1.0,-1.8369701987210297e-16,0.8660254037844386,0.5000000000000001,0.7583058084785624,0.6518989958787126,0,16.6870449,74.2505872,116.50753768844221
2025-02-19 19:15:00+00:00,"Shivaji University, Kolhapur - MPCB",39.29,70.34,3.97,0.42,7.69,2.66,-0.9659258262890684,0.2588190451025203,0.8660254037844386,0.5000000000000001,0.7583058084785624,0.6518989958787126,0,16.6870449,74.2505872,109.52261306532662
2025-02-19 19:30:00+00:00,"Shivaji University, Kolhapur - MPCB",37.66,66.31,4.08,0.4,6.41,2.5,-0.9659258262890684,0.2588190451025203,0.8660254037844386,0.5000000000000001,0.7583058084785624,0.6518989958787126,0,16.6870449,74.2505872,105.42713567839195
2025-02-19 19:45:00+00:00,"Shivaji University, Kolhapur - MPCB",37.44,65.77,4.21,0.38,5.63,2.5,-0.9659258262890684,0.2588190451025203,0.8660254037844386,0.5000000000000001,0.7583058084785624,0.6518989958787126,0,16.6870449,74.2505872,104.87437185929647
2025-02-19 20:00:00+00:00,"Shivaji University, Kolhapur - MPCB",37.44,65.77,4.24,0.38,5.43,2.09,-0.8660254037844386,0.5000000000000001,0.8660254037844386,0.5000000000000001,0.7583058084785624,0.6518989958787126,0,16.6870449,74.2505872,104.87437185929647
2025-02-19 20:15:00+00:00,"Shivaji University, Kolhapur - MPCB",37.96,62.84,4.3,0.39,5.75,2.19,-0.8660254037844386,0.5000000000000001,0.8660254037844386,0.5000000000000001,0.7583058084785624,0.6518989958787126,0,16.6870449,74.2505872,106.18090452261306
2025-02-19 20:30:00+00:00,"Shivaji University, Kolhapur - MPCB",37.96,62.84,3.74,0.39,5.75,2.06,-0.8660254037844386,0.5000000000000001,0.8660254037844386,0.5000000000000001,0.7583058084785624,0.6518989958787126,0,16.6870449,74.2505872,106.18090452261306
2025-02-19 20:45:00+00:00,"Shivaji University, Kolhapur - MPCB",38.06,62.29,3.39,0.44,7.59,2.06,-0.8660254037844386,0.5000000000000001,0.8660254037844386,0.5000000000000001,0.7583058084785624,0.6518989958787126,0,16.6870449,74.2505872,106.4321608040201
2025-02-19 21:00:00+00:00,"Shivaji University, Kolhapur - MPCB",38.06,62.29,3.42,0.48,7.5,2.59,-0.7071067811865477,0.7071067811865474,0.8660254037844386,0.5000000000000001,0.7583058084785624,0.6518989958787126,0,16.6870449,74.2505872,106.4321608040201
2025-02-19 21:30:00+00:00,"Shivaji University, Kolhapur - MPCB",38.0,60.94,3.32,0.48,9.58,1.95,-0.7071067811865477,0.7071067811865474,0.8660254037844386,0.5000000000000001,0.7583058084785624,0.6518989958787126,0,16.6870449,74.2505872,106.28140703517587
2025-02-19 21:45:00+00:00,"Shivaji University, Kolhapur - MPCB",38.0,60.72,3.18,0.48,8.21,2.32,-0.7071067811865477,0.7071067811865474,0.8660254037844386,0.5000000000000001,0.7583058084785624,0.6518989958787126,0,16.6870449,74.2505872,106.28140703517587
2025-02-19 22:00:00+00:00,"Shivaji University, Kolhapur - MPCB",38.0,60.72,3.18,0.48,7.06,2.06,-0.5000000000000004,0.8660254037844384,0.8660254037844386,0.5000000000000001,0.7583058084785624,0.6518989958787126,0,16.6870449,74.2505872,106.28140703517587
2025-02-19 22:15:00+00:00,"Shivaji University, Kolhapur - MPCB",38.0,60.72,3.17,0.47,4.79,2.46,-0.5000000000000004,0.8660254037844384,0.8660254037844386,0.5000000000000001,0.7583058084785624,0.6518989958787126,0,16.6870449,74.2505872,106.28140703517587
2025-02-19 22:30:00+00:00,"Shivaji University, Kolhapur - MPCB",37.33,57.68,3.33,0.47,3.8,2.08,-0.5000000000000004,0.8660254037844384,0.8660254037844386,0.5000000000000001,0.7583058084785624,0.6518989958787126,0,16.6870449,74.2505872,104.59798994974874
2025-02-19 22:45:00+00:00,"Shivaji University, Kolhapur - MPCB",37.27,57.38,3.56,0.32,3.82,1.85,-0.5000000000000004,0.8660254037844384,0.8660254037844386,0.5000000000000001,0.7583058084785624,0.6518989958787126,0,16.6870449,74.2505872,104.44723618090453
2025-02-19 23:00:00+00:00,"Shivaji University, Kolhapur - MPCB",37.27,57.38,3.63,0.35,4.04,2.12,-0.25881904510252157,0.9659258262890681,0.8660254037844386,0.5000000000000001,0.7583058084785624,0.6518989958787126,0,16.6870449,74.2505872,104.44723618090453
2025-02-19 23:15:00+00:00,"Shivaji University, Kolhapur - MPCB",47.76,52.94,3.75,0.36,3.67,1.67,-0.25881904510252157,0.9659258262890681,0.8660254037844386,0.5000000000000001,0.7583058084785624,0.6518989958787126,0,16.6870449,74.2505872,130.8040201005025
2025-02-19 23:30:00+00:00,"Shivaji University, Kolhapur - MPCB",47.76,52.94,3.75,0.36,3.67,1.67,-0.25881904510252157,0.9659258262890681,0.8660254037844386,0.5000000000000001,0.7583058084785624,0.6518989958787126,0,16.6870449,74.2505872,130.8040201005025
2025-02-19 23:45:00+00:00,"Shivaji University, Kolhapur - MPCB",49.7,52.12,4.05,0.37,3.13,2.04,-0.25881904510252157,0.9659258262890681,0.8660254037844386,0.5000000000000001,0.7583058084785624,0.6518989958787126,0,16.6870449,74.2505872,135.678391959799
2025-02-20 00:00:00+00:00,"Shivaji University, Kolhapur - MPCB",49.7,52.12,3.82,0.39,1.29,1.65,0.0,1.0,0.8660254037844386,0.5000000000000001,0.7694148268839378,0.6387494220515272,0,16.6870449,74.2505872,135.678391959799
2025-02-20 00:15:00+00:00,"Shivaji University, Kolhapur - MPCB",49.7,52.12,4.23,0.4,0.85,1.33,0.0,1.0,0.8660254037844386,0.5000000000000001,0.7694148268839378,0.6387494220515272,0,16.6870449,74.2505872,135.678391959799
2025-02-20 00:30:00+00:00,"Shivaji University, Kolhapur - MPCB",44.36,54.25,5.3,0.5,1.18,1.22,0.0,1.0,0.8660254037844386,0.5000000000000001,0.7694148268839378,0.6387494220515272,0,16.6870449,74.2505872,122.26130653266331
2025-02-20 01:30:00+00:00,"Shivaji University, Kolhapur - MPCB",50.6,57.57,7.66,0.59,0.42,1.13,0.25881904510252074,0.9659258262890683,0.8660254037844386,0.5000000000000001,0.7694148268839378,0.6387494220515272,0,16.6870449,74.2505872,137.93969849246233
2025-02-20 01:45:00+00:00,"Shivaji University, Kolhapur - MPCB",51.3,57.94,7.34,0.66,0.99,0.96,0.25881904510252074,0.9659258262890683,0.8660254037844386,0.5000000000000001,0.7694148268839378,0.6387494220515272,0,16.6870449,74.2505872,139.69849246231155
2025-02-20 02:30:00+00:00,"Shivaji University, Kolhapur - MPCB",76.41,65.88,8.41,0.75,1.88,0.82,0.49999999999999994,0.8660254037844387,0.8660254037844386,0.5000000000000001,0.7694148268839378,0.6387494220515272,0,16.6870449,74.2505872,198.79
2025-02-20 03:45:00+00:00,"Shivaji University, Kolhapur - MPCB",0.0,81.73,10.4,0.66,13.75,7.85,0.7071067811865476,0.7071067811865476,0.8660254037844386,0.5000000000000001,0.7694148268839378,0.6387494220515272,0,16.6870449,74.2505872,63.5
2025-02-20 04:15:00+00:00,"Shivaji University, Kolhapur - MPCB",0.0,120.43,10.57,0.62,22.28,8.87,0.8660254037844386,0.5000000000000001,0.8660254037844386,0.5000000000000001,0.7694148268839378,0.6387494220515272,0,16.6870449,74.2505872,83.04545454545456
2025-02-20 04:30:00+00:00,"Shivaji University, Kolhapur - MPCB",0.0,125.63,9.63,0.49,24.56,9.69,0.8660254037844386,0.5000000000000001,0.8660254037844386,0.5000000000000001,0.7694148268839378,0.6387494220515272,0,16.6870449,74.2505872,85.67171717171718
2025-02-20 04:45:00+00:00,"Shivaji University, Kolhapur - MPCB",0.0,47.99,8.22,0.45,26.07,9.42,0.8660254037844386,0.5000000000000001,0.8660254037844386,0.5000000000000001,0.7694148268839378,0.6387494220515272,0,16.6870449,74.2505872,44.43518518518519
2025-02-20 05:00:00+00:00,"Shivaji University, Kolhapur - MPCB",0.0,0.0,7.02,0.38,29.31,8.32,0.9659258262890683,0.25881904510252074,0.8660254037844386,0.5000000000000001,0.7694148268839378,0.6387494220515272,0,16.6870449,74.2505872,0.0
2025-02-20 05:15:00+00:00,"Shivaji University, Kolhapur - MPCB",0.0,0.0,7.14,0.4,30.92,8.44,0.9659258262890683,0.25881904510252074,0.8660254037844386,0.5000000000000001,0.7694148268839378,0.6387494220515272,0,16.6870449,74.2505872,0.0
2025-02-20 05:45:00+00:00,"Shivaji University, Kolhapur - MPCB",0.0,0.0,5.87,0.39,34.93,8.05,0.9659258262890683,0.25881904510252074,0.8660254037844386,0.5000000000000001,0.7694148268839378,0.6387494220515272,0,16.6870449,74.2505872,0.0
2025-02-20 06:00:00+00:00,"Shivaji University, Kolhapur - MPCB",0.0,0.0,5.5,0.36,36.36,7.45,1.0,6.123233995736766e-17,0.8660254037844386,0.5000000000000001,0.7694148268839378,0.6387494220515272,0,16.6870449,74.2505872,0.0
2025-02-20 08:30:00+00:00,"Shivaji University, Kolhapur - MPCB",30.73,82.2,5.65,0.29,44.89,5.65,0.8660254037844387,-0.4999999999999998,0.8660254037844386,0.5000000000000001,0.7694148268839378,0.6387494220515272,0,16.6870449,74.2505872,89.9785407725322
2025-02-20 09:30:00+00:00,"Shivaji University, Kolhapur - MPCB",25.97,78.97,4.66,0.3,42.48,5.35,0.7071067811865476,-0.7071067811865475,0.8660254037844386,0.5000000000000001,0.7694148268839378,0.6387494220515272,0,16.6870449,74.2505872,79.76394849785407
2025-02-20 10:15:00+00:00,"Shivaji University, Kolhapur - MPCB",28.64,77.55,3.96,0.24,48.04,4.72,0.49999999999999994,-0.8660254037844387,0.8660254037844386,0.5000000000000001,0.7694148268839378,0.6387494220515272,0,16.6870449,74.2505872,85.49356223175965
2025-02-20 10:45:00+00:00,"Shivaji University, Kolhapur - MPCB",28.64,77.55,7.56,0.26,41.59,4.97,0.49999999999999994,-0.8660254037844387,0.8660254037844386,0.5000000000000001,0.7694148268839378,0.6387494220515272,0,16.6870449,74.2505872,85.49356223175965
2025-02-20 11:00:00+00:00,"Shivaji University, Kolhapur - MPCB",27.21,76.98,10.13,0.33,42.09,4.59,0.258819045102521,-0.9659258262890682,0.8660254037844386,0.5000000000000001,0.7694148268839378,0.6387494220515272,0,16.6870449,74.2505872,82.42489270386267
2025-02-20 11:15:00+00:00,"Shivaji University, Kolhapur - MPCB",24.22,75.72,9.68,0.4,38.93,4.46,0.258819045102521,-0.9659258262890682,0.8660254037844386,0.5000000000000001,0.7694148268839378,0.6387494220515272,0,16.6870449,74.2505872,76.00858369098712
2025-02-20 11:30:00+00:00,"Shivaji University, Kolhapur - MPCB",24.22,75.72,11.4,0.39,34.09,4.72,0.258819045102521,-0.9659258262890682,0.8660254037844386,0.5000000000000001,0.7694148268839378,0.6387494220515272,0,16.6870449,74.2505872,76.00858369098712
2025-02-20 11:45:00+00:00,"Shivaji University, Kolhapur - MPCB",24.22,75.72,8.15,0.44,38.25,4.14,0.258819045102521,-0.9659258262890682,0.8660254037844386,0.5000000000000001,0.7694148268839378,0.6387494220515272,0,16.6870449,74.2505872,76.00858369098712
2025-02-20 12:00:00+00:00,"Shivaji University, Kolhapur - MPCB",23.63,77.5,9.45,0.53,33.47,3.92,1.2246467991473532e-16,-1.0,0.8660254037844386,0.5000000000000001,0.7694148268839378,0.6387494220515272,0,16.6870449,74.2505872,74.74248927038627
2025-02-20 12:15:00+00:00,"Shivaji University, Kolhapur - MPCB",22.33,81.44,9.87,0.52,33.44,4.21,1.2246467991473532e-16,-1.0,0.8660254037844386,0.5000000000000001,0.7694148268839378,0.6387494220515272,0,16.6870449,74.2505872,71.95278969957081
2025-02-20 12:30:00+00:00,"Shivaji University, Kolhapur - MPCB",22.33,81.44,11.84,0.74,25.13,1.39,1.2246467991473532e-16,-1.0,0.8660254037844386,0.5000000000000001,0.7694148268839378,0.6387494220515272,0,16.6870449,74.2505872,71.95278969957081
2025-02-20 12:45:00+00:00,"Shivaji University, Kolhapur - MPCB",22.33,81.44,14.86,0.75,18.52,4.95,1.2246467991473532e-16,-1.0,0.8660254037844386,0.5000000000000001,0.7694148268839378,0.6387494220515272,0,16.6870449,74.2505872,71.95278969957081
2025-02-20 13:00:00+00:00,"Shivaji University, Kolhapur - MPCB",24.94,86.87,15.46,0.81,17.07,4.71,-0.2588190451025208,-0.9659258262890683,0.8660254037844386,0.5000000000000001,0.7694148268839378,0.6387494220515272,0,16.6870449,74.2505872,77.55364806866953
2025-02-20 13:15:00+00:00,"Shivaji University, Kolhapur - MPCB",30.42,98.29,24.03,0.96,7.58,4.31,-0.2588190451025208,-0.9659258262890683,0.8660254037844386,0.5000000000000001,0.7694148268839378,0.6387494220515272,0,16.6870449,74.2505872,89.31330472103005
2025-02-20 13:30:00+00:00,"Shivaji University, Kolhapur - MPCB",30.42,98.29,27.85,1.25,2.83,4.58,-0.2588190451025208,-0.9659258262890683,0.8660254037844386,0.5000000000000001,0.7694148268839378,0.6387494220515272,0,16.6870449,74.2505872,89.31330472103005
2025-02-20 13:45:00+00:00,"Shivaji University, Kolhapur - MPCB",30.42,98.29,29.47,1.73,5.23,5.37,-0.2588190451025208,-0.9659258262890683,0.8660254037844386,0.5000000000000001,0.7694148268839378,0.6387494220515272,0,16.6870449,74.2505872,89.31330472103005
2025-02-20 14:00:00+00:00,"Shivaji University, Kolhapur - MPCB",33.0,112.84,24.78,1.36,10.6,5.59,-0.4999999999999997,-0.8660254037844388,0.8660254037844386,0.5000000000000001,0.7694148268839378,0.6387494220515272,0,16.6870449,74.2505872,94.84978540772534
2025-02-20 14:15:00+00:00,"Shivaji University, Kolhapur - MPCB",38.72,145.08,16.81,1.04,19.25,5.07,-0.4999999999999997,-0.8660254037844388,0.8660254037844386,0.5000000000000001,0.7694148268839378,0.6387494220515272,0,16.6870449,74.2505872,108.09045226130652
2025-02-20 14:30:00+00:00,"Shivaji University, Kolhapur - MPCB",38.72,145.08,14.22,0.82,17.0,5.09,-0.4999999999999997,-0.8660254037844388,0.8660254037844386,0.5000000000000001,0.7694148268839378,0.6387494220515272,0,16.6870449,74.2505872,108.09045226130652
2025-02-20 14:45:00+00:00,"Shivaji University, Kolhapur - MPCB",38.72,145.08,12.98,0.88,18.31,5.36,-0.4999999999999997,-0.8660254037844388,0.8660254037844386,0.5000000000000001,0.7694148268839378,0.6387494220515272,0,16.6870449,74.2505872,108.09045226130652
2025-02-20 15:00:00+00:00,"Shivaji University, Kolhapur - MPCB",39.94,144.53,11.81,0.84,20.19,5.31,-0.7071067811865471,-0.7071067811865479,0.8660254037844386,0.5000000000000001,0.7694148268839378,0.6387494220515272,0,16.6870449,74.2505872,111.15577889447236
2025-02-20 15:15:00+00:00,"Shivaji University, Kolhapur - MPCB",42.64,143.38,10.84,0.77,21.06,5.27,-0.7071067811865471,-0.7071067811865479,0.8660254037844386,0.5000000000000001,0.7694148268839378,0.6387494220515272,0,16.6870449,74.2505872,117.93969849246231
2025-02-20 15:30:00+00:00,"Shivaji University, Kolhapur - MPCB",42.64,143.38,10.81,0.78,20.95,5.8,-0.7071067811865471,-0.7071067811865479,0.8660254037844386,0.5000000000000001,0.7694148268839378,0.6387494220515272,0,16.6870449,74.2505872,117.93969849246231
2025-02-20 15:45:00+00:00,"Shivaji University, Kolhapur - MPCB",42.64,143.38,11.4,0.69,20.74,5.61,-0.7071067811865471,-0.7071067811865479,0.8660254037844386,0.5000000000000001,0.7694148268839378,0.6387494220515272,0,16.6870449,74.2505872,117.93969849246231
2025-02-20 16:00:00+00:00,"Shivaji University, Kolhapur - MPCB",42.87,140.52,9.83,0.59,22.43,4.72,-0.8660254037844385,-0.5000000000000004,0.8660254037844386,0.5000000000000001,0.7694148268839378,0.6387494220515272,0,16.6870449,74.2505872,118.51758793969849
2025-02-20 16:15:00+00:00,"Shivaji University, Kolhapur - MPCB",43.37,134.51,8.35,0.55,23.92,3.98,-0.8660254037844385,-0.5000000000000004,0.8660254037844386,0.5000000000000001,0.7694148268839378,0.6387494220515272,0,16.6870449,74.2505872,119.77386934673366
2025-02-20 16:30:00+00:00,"Shivaji University, Kolhapur - MPCB",43.37,134.51,8.33,0.48,23.09,3.76,-0.8660254037844385,-0.5000000000000004,0.8660254037844386,0.5000000000000001,0.7694148268839378,0.6387494220515272,0,16.6870449,74.2505872,119.77386934673366
2025-02-20 16:45:00+00:00,"Shivaji University, Kolhapur - MPCB",43.37,134.51,6.69,0.45,23.55,4.39,-0.8660254037844385,-0.5000000000000004,0.8660254037844386,0.5000000000000001,0.7694148268839378,0.6387494220515272,0,16.6870449,74.2505872,119.77386934673366
2025-02-20 17:00:00+00:00,"Shivaji University, Kolhapur - MPCB",42.84,129.46,6.74,0.46,21.98,3.45,-0.9659258262890683,-0.25881904510252063,0.8660254037844386,0.5000000000000001,0.7694148268839378,0.6387494220515272,0,16.6870449,74.2505872,118.44221105527639
2025-02-20 17:15:00+00:00,"Shivaji University, Kolhapur - MPCB",41.67,118.81,7.29,0.47,20.08,4.44,-0.9659258262890683,-0.25881904510252063,0.8660254037844386,0.5000000000000001,0.7694148268839378,0.6387494220515272,0,16.6870449,74.2505872,115.50251256281408
2025-02-20 18:00:00+00:00,"Shivaji University, Kolhapur - MPCB",42.28,116.7,5.11,0.44,22.3,4.82,-1.0,-1.8369701987210297e-16,0.8660254037844386,0.5000000000000001,0.7694148268839378,0.6387494220515272,0,16.6870449,74.2505872,117.03517587939699
2025-02-20 18:15:00+00:00,"Shivaji University, Kolhapur - MPCB",43.57,112.25,5.37,0.5,17.4,4.46,-1.0,-1.8369701987210297e-16,0.8660254037844386,0.5000000000000001,0.7694148268839378,0.6387494220515272,0,16.6870449,74.2505872,120.27638190954774
2025-02-20 19:15:00+00:00,"Shivaji University, Kolhapur - MPCB",39.35,99.01,5.85,0.45,15.1,3.04,-0.9659258262890684,0.2588190451025203,0.8660254037844386,0.5000000000000001,0.7694148268839378,0.6387494220515272,0,16.6870449,74.2505872,109.67336683417086
2025-02-20 19:30:00+00:00,"Shivaji University, Kolhapur - MPCB",39.35,99.01,7.14,0.39,16.17,3.17,-0.9659258262890684,0.2588190451025203,0.8660254037844386,0.5000000000000001,0.7694148268839378,0.6387494220515272,0,16.6870449,74.2505872,109.67336683417086
2025-02-20 19:45:00+00:00,"Shivaji University, Kolhapur - MPCB",39.35,99.01,5.67,0.34,19.8,2.87,-0.9659258262890684,0.2588190451025203,0.8660254037844386,0.5000000000000001,0.7694148268839378,0.6387494220515272,0,16.6870449,74.2505872,109.67336683417086
2025-02-20 20:00:00+00:00,"Shivaji University, Kolhapur - MPCB",39.89,96.76,4.24,0.36,18.66,3.39,-0.8660254037844386,0.5000000000000001,0.8660254037844386,0.5000000000000001,0.7694148268839378,0.6387494220515272,0,16.6870449,74.2505872,111.03015075376885
2025-02-20 20:30:00+00:00,"Shivaji University, Kolhapur - MPCB",41.1,91.76,4.23,0.34,11.24,3.16,-0.8660254037844386,0.5000000000000001,0.8660254037844386,0.5000000000000001,0.7694148268839378,0.6387494220515272,0,16.6870449,74.2505872,114.07035175879398
2025-02-20 20:45:00+00:00,"Shivaji University, Kolhapur - MPCB",41.1,91.76,4.32,0.36,15.26,3.29,-0.8660254037844386,0.5000000000000001,0.8660254037844386,0.5000000000000001,0.7694148268839378,0.6387494220515272,0,16.6870449,74.2505872,114.07035175879398
2025-02-20 21:00:00+00:00,"Shivaji University, Kolhapur - MPCB",40.1,87.39,5.0,0.37,13.4,3.33,-0.7071067811865477,0.7071067811865474,0.8660254037844386,0.5000000000000001,0.7694148268839378,0.6387494220515272,0,16.6870449,74.2505872,111.55778894472363
2025-02-20 21:30:00+00:00,"Shivaji University, Kolhapur - MPCB",37.9,77.71,4.94,0.4,9.0,2.85,-0.7071067811865477,0.7071067811865474,0.8660254037844386,0.5000000000000001,0.7694148268839378,0.6387494220515272,0,16.6870449,74.2505872,106.03015075376884
2025-02-20 21:45:00+00:00,"Shivaji University, Kolhapur - MPCB",37.9,77.71,5.88,0.45,6.9,2.9,-0.7071067811865477,0.7071067811865474,0.8660254037844386,0.5000000000000001,0.7694148268839378,0.6387494220515272,0,16.6870449,74.2505872,106.03015075376884
2025-02-20 22:00:00+00:00,"Shivaji University, Kolhapur - MPCB",39.37,77.89,6.16,0.43,6.27,3.05,-0.5000000000000004,0.8660254037844384,0.8660254037844386,0.5000000000000001,0.7694148268839378,0.6387494220515272,0,16.6870449,74.2505872,109.72361809045225
2025-02-20 22:15:00+00:00,"Shivaji University, Kolhapur - MPCB",42.63,78.29,6.21,0.48,5.79,2.6,-0.5000000000000004,0.8660254037844384,0.8660254037844386,0.5000000000000001,0.7694148268839378,0.6387494220515272,0,16.6870449,74.2505872,117.91457286432161
2025-02-20 22:30:00+00:00,"Shivaji University, Kolhapur - MPCB",42.63,78.29,6.18,0.53,5.08,2.6,-0.5000000000000004,0.8660254037844384,0.8660254037844386,0.5000000000000001,0.7694148268839378,0.6387494220515272,0,16.6870449,74.2505872,117.91457286432161
2025-02-20 22:45:00+00:00,"Shivaji University, Kolhapur - MPCB",42.63,78.29,6.09,0.57,4.7,2.55,-0.5000000000000004,0.8660254037844384,0.8660254037844386,0.5000000000000001,0.7694148268839378,0.6387494220515272,0,16.6870449,74.2505872,117.91457286432161
2025-02-20 23:00:00+00:00,"Shivaji University, Kolhapur - MPCB",43.6,77.37,5.82,0.55,4.84,2.38,-0.25881904510252157,0.9659258262890681,0.8660254037844386,0.5000000000000001,0.7694148268839378,0.6387494220515272,0,16.6870449,74.2505872,120.35175879396985
2025-02-20 23:15:00+00:00,"Shivaji University, Kolhapur - MPCB",45.74,75.32,5.42,0.52,4.38,2.66,-0.25881904510252157,0.9659258262890681,0.8660254037844386,0.5000000000000001,0.7694148268839378,0.6387494220515272,0,16.6870449,74.2505872,125.72864321608041
2025-02-20 23:30:00+00:00,"Shivaji University, Kolhapur - MPCB",45.74,75.32,5.32,0.51,2.79,2.28,-0.25881904510252157,0.9659258262890681,0.8660254037844386,0.5000000000000001,0.7694148268839378,0.6387494220515272,0,16.6870449,74.2505872,125.72864321608041
2025-02-20 23:45:00+00:00,"Shivaji University, Kolhapur - MPCB",45.74,75.32,6.92,0.59,2.62,2.13,-0.25881904510252157,0.9659258262890681,0.8660254037844386,0.5000000000000001,0.7694148268839378,0.6387494220515272,0,16.6870449,74.2505872,125.72864321608041
2025-02-21 00:00:00+00:00,"Shivaji University, Kolhapur - MPCB",45.2,75.99,11.59,0.58,1.33,2.5,0.0,1.0,0.8660254037844386,0.5000000000000001,0.7802958510707755,0.6254105729852463,0,16.6870449,74.2505872,124.37185929648243
2025-02-21 00:15:00+00:00,"Shivaji University, Kolhapur - MPCB",45.2,75.99,11.59,0.58,1.33,2.5,0.0,1.0,0.8660254037844386,0.5000000000000001,0.7802958510707755,0.6254105729852463,0,16.6870449,74.2505872,124.37185929648243
2025-02-21 00:30:00+00:00,"Shivaji University, Kolhapur - MPCB",44.03,77.47,10.41,0.64,2.55,2.38,0.0,1.0,0.8660254037844386,0.5000000000000001,0.7802958510707755,0.6254105729852463,0,16.6870449,74.2505872,121.4321608040201
2025-02-21 01:15:00+00:00,"Shivaji University, Kolhapur - MPCB",45.3,80.68,11.24,1.07,2.33,2.16,0.25881904510252074,0.9659258262890683,0.8660254037844386,0.5000000000000001,0.7802958510707755,0.6254105729852463,0,16.6870449,74.2505872,124.62311557788945
2025-02-21 01:30:00+00:00,"Shivaji University, Kolhapur - MPCB",47.86,87.09,12.25,1.08,1.73,2.05,0.25881904510252074,0.9659258262890683,0.8660254037844386,0.5000000000000001,0.7802958510707755,0.6254105729852463,0,16.6870449,74.2505872,131.05527638190955
2025-02-21 02:15:00+00:00,"Shivaji University, Kolhapur - MPCB",60.07,127.98,14.53,1.16,0.98,3.43,0.49999999999999994,0.8660254037844387,0.8660254037844386,0.5000000000000001,0.7802958510707755,0.6254105729852463,0,16.6870449,74.2505872,160.66333333333333
2025-02-21 02:45:00+00:00,"Shivaji University, Kolhapur - MPCB",60.07,127.98,12.675,0.9299999999999999,5.244999999999999,5.91,0.49999999999999994,0.8660254037844387,0.8660254037844386,0.5000000000000001,0.7802958510707755,0.6254105729852463,0,16.6870449,74.2505872,160.66333333333333
2025-02-21 03:15:00+00:00,"Shivaji University, Kolhapur - MPCB",59.33,129.95,10.82,0.7,9.51,8.39,0.7071067811865476,0.7071067811865476,0.8660254037844386,0.5000000000000001,0.7802958510707755,0.6254105729852463,0,16.6870449,74.2505872,158.93666666666667
2025-02-21 04:15:00+00:00,"Shivaji University, Kolhapur - MPCB",54.93,127.1,7.47,0.47,27.31,8.95,0.8660254037844386,0.5000000000000001,0.8660254037844386,0.5000000000000001,0.7802958510707755,0.6254105729852463,0,16.6870449,74.2505872,148.81909547738695
2025-02-21 04:30:00+00:00,"Shivaji University, Kolhapur - MPCB",49.27,112.46,7.36,0.42,29.35,9.11,0.8660254037844386,0.5000000000000001,0.8660254037844386,0.5000000000000001,0.7802958510707755,0.6254105729852463,0,16.6870449,74.2505872,134.59798994974875
2025-02-21 05:00:00+00:00,"Shivaji University, Kolhapur - MPCB",45.96,109.41,11.4,0.44,50.22,11.26,0.9659258262890683,0.25881904510252074,0.8660254037844386,0.5000000000000001,0.7802958510707755,0.6254105729852463,0,16.6870449,74.2505872,126.28140703517589
2025-02-21 05:15:00+00:00,"Shivaji University, Kolhapur - MPCB",39.1,103.11,9.9,0.44,69.41,11.58,0.9659258262890683,0.25881904510252074,0.8660254037844386,0.5000000000000001,0.7802958510707755,0.6254105729852463,0,16.6870449,74.2505872,109.04522613065328
2025-02-21 05:45:00+00:00,"Shivaji University, Kolhapur - MPCB",44.68,103.11,9.42,0.42,79.55,11.9,0.9659258262890683,0.25881904510252074,0.8660254037844386,0.5000000000000001,0.7802958510707755,0.6254105729852463,0,16.6870449,74.2505872,123.06532663316582
2025-02-21 06:00:00+00:00,"Shivaji University, Kolhapur - MPCB",45.87,109.43,10.73,3.6,75.81,179.44,1.0,6.123233995736766e-17,0.8660254037844386,0.5000000000000001,0.7802958510707755,0.6254105729852463,0,16.6870449,74.2505872,126.05527638190955
2025-02-21 06:30:00+00:00,"Shivaji University, Kolhapur - MPCB",48.51,123.43,12.345,1.995,76.465,107.39,1.0,6.123233995736766e-17,0.8660254037844386,0.5000000000000001,0.7802958510707755,0.6254105729852463,0,16.6870449,74.2505872,132.68844221105527
2025-02-21 06:45:00+00:00,"Shivaji University, Kolhapur - MPCB",48.51,123.43,13.96,0.39,77.12,35.34,1.0,6.123233995736766e-17,0.8660254037844386,0.5000000000000001,0.7802958510707755,0.6254105729852463,0,16.6870449,74.2505872,132.68844221105527
2025-02-21 07:30:00+00:00,"Shivaji University, Kolhapur - MPCB",61.76,141.44,10.5,0.2,97.52,16.62,0.9659258262890683,-0.25881904510252063,0.8660254037844386,0.5000000000000001,0.7802958510707755,0.6254105729852463,0,16.6870449,74.2505872,164.60666666666665
2025-02-21 07:45:00+00:00,"Shivaji University, Kolhapur - MPCB",61.76,141.44,10.5,0.09,100.27,15.8,0.9659258262890683,-0.25881904510252063,0.8660254037844386,0.5000000000000001,0.7802958510707755,0.6254105729852463,0,16.6870449,74.2505872,164.60666666666665
2025-02-21 09:15:00+00:00,"Shivaji University, Kolhapur - MPCB",52.41,115.87,8.72,0.2,88.51,10.38,0.7071067811865476,-0.7071067811865475,0.8660254037844386,0.5000000000000001,0.7802958510707755,0.6254105729852463,0,16.6870449,74.2505872,142.48743718592965
2025-02-21 10:30:00+00:00,"Shivaji University, Kolhapur - MPCB",45.63,91.54,9.73,0.11,91.47,8.64,0.49999999999999994,-0.8660254037844387,0.8660254037844386,0.5000000000000001,0.7802958510707755,0.6254105729852463,0,16.6870449,74.2505872,125.45226130653268
2025-02-21 11:00:00+00:00,"Shivaji University, Kolhapur - MPCB",45.63,91.54,10.98,0.39,87.86,8.79,0.258819045102521,-0.9659258262890682,0.8660254037844386,0.5000000000000001,0.7802958510707755,0.6254105729852463,0,16.6870449,74.2505872,125.45226130653268
2025-02-21 11:30:00+00:00,"Shivaji University, Kolhapur - MPCB",39.41,82.1,11.32,0.52,65.42,7.3,0.258819045102521,-0.9659258262890682,0.8660254037844386,0.5000000000000001,0.7802958510707755,0.6254105729852463,0,16.6870449,74.2505872,109.82412060301507
2025-02-21 11:45:00+00:00,"Shivaji University, Kolhapur - MPCB",39.41,82.1,12.26,0.52,72.06,8.05,0.258819045102521,-0.9659258262890682,0.8660254037844386,0.5000000000000001,0.7802958510707755,0.6254105729852463,0,16.6870449,74.2505872,109.82412060301507
2025-02-21 12:00:00+00:00,"Shivaji University, Kolhapur - MPCB",39.89,82.49,12.84,0.62,62.35,7.63,1.2246467991473532e-16,-1.0,0.8660254037844386,0.5000000000000001,0.7802958510707755,0.6254105729852463,0,16.6870449,74.2505872,111.03015075376885
2025-02-21 12:15:00+00:00,"Shivaji University, Kolhapur - MPCB",40.94,83.34,12.94,0.65,55.25,7.1,1.2246467991473532e-16,-1.0,0.8660254037844386,0.5000000000000001,0.7802958510707755,0.6254105729852463,0,16.6870449,74.2505872,113.66834170854271
2025-02-21 13:15:00+00:00,"Shivaji University, Kolhapur - MPCB",40.88,90.12,12.44,0.72,22.15,3.5,-0.2588190451025208,-0.9659258262890683,0.8660254037844386,0.5000000000000001,0.7802958510707755,0.6254105729852463,0,16.6870449,74.2505872,113.5175879396985
2025-02-21 13:30:00+00:00,"Shivaji University, Kolhapur - MPCB",40.76,104.63,12.16,1.09,10.72,3.5,-0.2588190451025208,-0.9659258262890683,0.8660254037844386,0.5000000000000001,0.7802958510707755,0.6254105729852463,0,16.6870449,74.2505872,113.21608040201005
2025-02-21 14:45:00+00:00,"Shivaji University, Kolhapur - MPCB",50.71,116.38,11.99,0.66,38.32,4.69,-0.4999999999999997,-0.8660254037844388,0.8660254037844386,0.5000000000000001,0.7802958510707755,0.6254105729852463,0,16.6870449,74.2505872,138.21608040201005
2025-02-21 15:00:00+00:00,"Shivaji University, Kolhapur - MPCB",50.54,114.84,11.64,0.71,34.56,4.45,-0.7071067811865471,-0.7071067811865479,0.8660254037844386,0.5000000000000001,0.7802958510707755,0.6254105729852463,0,16.6870449,74.2505872,137.7889447236181
2025-02-21 15:30:00+00:00,"Shivaji University, Kolhapur - MPCB",50.15,111.42,11.06,0.74,32.62,3.97,-0.7071067811865471,-0.7071067811865479,0.8660254037844386,0.5000000000000001,0.7802958510707755,0.6254105729852463,0,16.6870449,74.2505872,136.80904522613065
2025-02-21 15:45:00+00:00,"Shivaji University, Kolhapur - MPCB",50.15,111.42,10.16,0.64,34.98,4.14,-0.7071067811865471,-0.7071067811865479,0.8660254037844386,0.5000000000000001,0.7802958510707755,0.6254105729852463,0,16.6870449,74.2505872,136.80904522613065
2025-02-21 16:00:00+00:00,"Shivaji University, Kolhapur - MPCB",48.45,109.4,9.66,0.63,32.17,3.15,-0.8660254037844385,-0.5000000000000004,0.8660254037844386,0.5000000000000001,0.7802958510707755,0.6254105729852463,0,16.6870449,74.2505872,132.53768844221105
2025-02-21 16:30:00+00:00,"Shivaji University, Kolhapur - MPCB",44.74,104.99,8.91,0.55,32.05,3.01,-0.8660254037844385,-0.5000000000000004,0.8660254037844386,0.5000000000000001,0.7802958510707755,0.6254105729852463,0,16.6870449,74.2505872,123.21608040201005
2025-02-21 17:00:00+00:00,"Shivaji University, Kolhapur - MPCB",44.74,104.99,9.09,0.46,30.97,3.19,-0.9659258262890683,-0.25881904510252063,0.8660254037844386,0.5000000000000001,0.7802958510707755,0.6254105729852463,0,16.6870449,74.2505872,123.21608040201005
2025-02-21 17:15:00+00:00,"Shivaji University, Kolhapur - MPCB",52.42,87.32,8.72,0.45,36.19,3.43,-0.9659258262890683,-0.25881904510252063,0.8660254037844386,0.5000000000000001,0.7802958510707755,0.6254105729852463,0,16.6870449,74.2505872,142.51256281407035
2025-02-21 17:30:00+00:00,"Shivaji University, Kolhapur - MPCB",52.42,87.32,8.63,0.41,34.53,3.39,-0.9659258262890683,-0.25881904510252063,0.8660254037844386,0.5000000000000001,0.7802958510707755,0.6254105729852463,0,16.6870449,74.2505872,142.51256281407035
2025-02-21 17:45:00+00:00,"Shivaji University, Kolhapur - MPCB",52.42,87.32,8.45,0.43,37.52,3.3,-0.9659258262890683,-0.25881904510252063,0.8660254037844386,0.5000000000000001,0.7802958510707755,0.6254105729852463,0,16.6870449,74.2505872,142.51256281407035
2025-02-21 18:15:00+00:00,"Shivaji University, Kolhapur - MPCB",49.98,80.54,8.16,0.43,31.23,3.74,-1.0,-1.8369701987210297e-16,0.8660254037844386,0.5000000000000001,0.7802958510707755,0.6254105729852463,0,16.6870449,74.2505872,136.3819095477387
2025-02-21 19:15:00+00:00,"Shivaji University, Kolhapur - MPCB",47.53,67.54,7.15,0.35,27.03,2.77,-0.9659258262890684,0.2588190451025203,0.8660254037844386,0.5000000000000001,0.7802958510707755,0.6254105729852463,0,16.6870449,74.2505872,130.22613065326635
2025-02-21 19:30:00+00:00,"Shivaji University, Kolhapur - MPCB",47.53,67.54,6.92,0.35,28.28,2.67,-0.9659258262890684,0.2588190451025203,0.8660254037844386,0.5000000000000001,0.7802958510707755,0.6254105729852463,0,16.6870449,74.2505872,130.22613065326635
2025-02-21 19:45:00+00:00,"Shivaji University, Kolhapur - MPCB",47.53,67.54,6.78,0.39,25.15,2.29,-0.9659258262890684,0.2588190451025203,0.8660254037844386,0.5000000000000001,0.7802958510707755,0.6254105729852463,0,16.6870449,74.2505872,130.22613065326635
2025-02-21 20:00:00+00:00,"Shivaji University, Kolhapur - MPCB",46.09,66.06,6.83,0.41,21.22,2.32,-0.8660254037844386,0.5000000000000001,0.8660254037844386,0.5000000000000001,0.7802958510707755,0.6254105729852463,0,16.6870449,74.2505872,126.60804020100504
2025-02-21 20:15:00+00:00,"Shivaji University, Kolhapur - MPCB",42.91,62.76,6.85,0.38,23.35,2.94,-0.8660254037844386,0.5000000000000001,0.8660254037844386,0.5000000000000001,0.7802958510707755,0.6254105729852463,0,16.6870449,74.2505872,118.6180904522613
2025-02-21 20:30:00+00:00,"Shivaji University, Kolhapur - MPCB",42.91,62.76,6.84,0.46,21.18,3.08,-0.8660254037844386,0.5000000000000001,0.8660254037844386,0.5000000000000001,0.7802958510707755,0.6254105729852463,0,16.6870449,74.2505872,118.6180904522613
2025-02-21 20:45:00+00:00,"Shivaji University, Kolhapur - MPCB",42.91,62.76,6.8,0.46,20.81,2.75,-0.8660254037844386,0.5000000000000001,0.8660254037844386,0.5000000000000001,0.7802958510707755,0.6254105729852463,0,16.6870449,74.2505872,118.6180904522613
2025-02-21 21:00:00+00:00,"Shivaji University, Kolhapur - MPCB",41.4,62.28,6.84,0.5,22.6,2.84,-0.7071067811865477,0.7071067811865474,0.8660254037844386,0.5000000000000001,0.7802958510707755,0.6254105729852463,0,16.6870449,74.2505872,114.82412060301507
2025-02-21 21:15:00+00:00,"Shivaji University, Kolhapur - MPCB",38.08,61.22,6.96,0.57,16.44,2.79,-0.7071067811865477,0.7071067811865474,0.8660254037844386,0.5000000000000001,0.7802958510707755,0.6254105729852463,0,16.6870449,74.2505872,106.4824120603015
2025-02-21 21:30:00+00:00,"Shivaji University, Kolhapur - MPCB",38.08,61.22,6.77,0.49,14.03,2.97,-0.7071067811865477,0.7071067811865474,0.8660254037844386,0.5000000000000001,0.7802958510707755,0.6254105729852463,0,16.6870449,74.2505872,106.4824120603015
2025-02-21 21:45:00+00:00,"Shivaji University, Kolhapur - MPCB",38.08,61.22,6.65,0.5,12.95,2.1,-0.7071067811865477,0.7071067811865474,0.8660254037844386,0.5000000000000001,0.7802958510707755,0.6254105729852463,0,16.6870449,74.2505872,106.4824120603015
2025-02-21 22:00:00+00:00,"Shivaji University, Kolhapur - MPCB",40.69,60.7,6.5,0.52,10.63,2.84,-0.5000000000000004,0.8660254037844384,0.8660254037844386,0.5000000000000001,0.7802958510707755,0.6254105729852463,0,16.6870449,74.2505872,113.04020100502512
2025-02-21 22:15:00+00:00,"Shivaji University, Kolhapur - MPCB",46.46,59.53,6.29,0.45,13.71,2.71,-0.5000000000000004,0.8660254037844384,0.8660254037844386,0.5000000000000001,0.7802958510707755,0.6254105729852463,0,16.6870449,74.2505872,127.53768844221106
2025-02-21 22:30:00+00:00,"Shivaji University, Kolhapur - MPCB",46.46,59.53,6.23,0.43,17.61,2.24,-0.5000000000000004,0.8660254037844384,0.8660254037844386,0.5000000000000001,0.7802958510707755,0.6254105729852463,0,16.6870449,74.2505872,127.53768844221106
2025-02-21 22:45:00+00:00,"Shivaji University, Kolhapur - MPCB",46.46,59.53,6.52,0.43,17.51,2.3,-0.5000000000000004,0.8660254037844384,0.8660254037844386,0.5000000000000001,0.7802958510707755,0.6254105729852463,0,16.6870449,74.2505872,127.53768844221106
2025-02-21 23:00:00+00:00,"Shivaji University, Kolhapur - MPCB",41.79,58.21,6.82,0.46,16.49,2.44,-0.25881904510252157,0.9659258262890681,0.8660254037844386,0.5000000000000001,0.7802958510707755,0.6254105729852463,0,16.6870449,74.2505872,115.80402010050251
2025-02-21 23:15:00+00:00,"Shivaji University, Kolhapur - MPCB",31.43,55.27,6.88,0.45,17.84,2.71,-0.25881904510252157,0.9659258262890681,0.8660254037844386,0.5000000000000001,0.7802958510707755,0.6254105729852463,0,16.6870449,74.2505872,91.48068669527896
2025-02-21 23:30:00+00:00,"Shivaji University, Kolhapur - MPCB",31.43,55.27,6.88,0.45,17.84,2.71,-0.25881904510252157,0.9659258262890681,0.8660254037844386,0.5000000000000001,0.7802958510707755,0.6254105729852463,0,16.6870449,74.2505872,91.48068669527896
2025-02-21 23:45:00+00:00,"Shivaji University, Kolhapur - MPCB",31.43,55.27,6.97,0.45,17.84,1.95,-0.25881904510252157,0.9659258262890681,0.8660254037844386,0.5000000000000001,0.7802958510707755,0.6254105729852463,0,16.6870449,74.2505872,91.48068669527896
2025-02-22 00:00:00+00:00,"Shivaji University, Kolhapur - MPCB",31.43,55.27,7.08,0.51,17.27,1.95,0.0,1.0,0.8660254037844386,0.5000000000000001,0.7909456567567772,0.6118864012687243,1,16.6870449,74.2505872,91.48068669527896
2025-02-22 00:15:00+00:00,"Shivaji University, Kolhapur - MPCB",32.86,58.62,7.27,0.5700000000000001,14.875,1.6,0.0,1.0,0.8660254037844386,0.5000000000000001,0.7909456567567772,0.6118864012687243,1,16.6870449,74.2505872,94.54935622317598
2025-02-22 00:45:00+00:00,"Shivaji University, Kolhapur - MPCB",35.77,65.44,6.97,0.63,12.48,1.64,0.0,1.0,0.8660254037844386,0.5000000000000001,0.7909456567567772,0.6118864012687243,1,16.6870449,74.2505872,100.678391959799
2025-02-22 01:00:00+00:00,"Shivaji University, Kolhapur - MPCB",35.77,65.44,6.9,0.63,14.12,1.83,0.25881904510252074,0.9659258262890683,0.8660254037844386,0.5000000000000001,0.7909456567567772,0.6118864012687243,1,16.6870449,74.2505872,100.678391959799
2025-02-22 01:15:00+00:00,"Shivaji University, Kolhapur - MPCB",38.64,72.35,7.01,0.85,13.46,2.25,0.25881904510252074,0.9659258262890683,0.8660254037844386,0.5000000000000001,0.7909456567567772,0.6118864012687243,1,16.6870449,74.2505872,107.8894472361809
2025-02-22 02:30:00+00:00,"Shivaji University, Kolhapur - MPCB",46.67,99.72,8.42,0.57,12.2,5.83,0.49999999999999994,0.8660254037844387,0.8660254037844386,0.5000000000000001,0.7909456567567772,0.6118864012687243,1,16.6870449,74.2505872,128.06532663316582
2025-02-22 02:45:00+00:00,"Shivaji University, Kolhapur - MPCB",46.67,99.72,8.86,0.57,17.16,7.15,0.49999999999999994,0.8660254037844387,0.8660254037844386,0.5000000000000001,0.7909456567567772,0.6118864012687243,1,16.6870449,74.2505872,128.06532663316582
2025-02-22 03:00:00+00:00,"Shivaji University, Kolhapur - MPCB",46.67,99.72,9.34,0.55,21.84,8.23,0.7071067811865476,0.7071067811865476,0.8660254037844386,0.5000000000000001,0.7909456567567772,0.6118864012687243,1,16.6870449,74.2505872,128.06532663316582
2025-02-22 03:15:00+00:00,"Shivaji University, Kolhapur - MPCB",45.35,105.34,9.87,0.53,26.32,8.23,0.7071067811865476,0.7071067811865476,0.8660254037844386,0.5000000000000001,0.7909456567567772,0.6118864012687243,1,16.6870449,74.2505872,124.74874371859298
2025-02-22 04:15:00+00:00,"Shivaji University, Kolhapur - MPCB",42.44,107.86,11.42,0.51,49.49,8.47,0.8660254037844386,0.5000000000000001,0.8660254037844386,0.5000000000000001,0.7909456567567772,0.6118864012687243,1,16.6870449,74.2505872,117.43718592964824
2025-02-22 04:30:00+00:00,"Shivaji University, Kolhapur - MPCB",41.97,93.19,11.19,0.38,59.45,7.81,0.8660254037844386,0.5000000000000001,0.8660254037844386,0.5000000000000001,0.7909456567567772,0.6118864012687243,1,16.6870449,74.2505872,116.25628140703517
2025-02-22 04:45:00+00:00,"Shivaji University, Kolhapur - MPCB",41.97,93.19,10.84,0.35,66.74,9.14,0.8660254037844386,0.5000000000000001,0.8660254037844386,0.5000000000000001,0.7909456567567772,0.6118864012687243,1,16.6870449,74.2505872,116.25628140703517
2025-02-22 05:00:00+00:00,"Shivaji University, Kolhapur - MPCB",41.66,86.05,10.56,0.31,71.44,8.55,0.9659258262890683,0.25881904510252074,0.8660254037844386,0.5000000000000001,0.7909456567567772,0.6118864012687243,1,16.6870449,74.2505872,115.47738693467336
2025-02-22 05:15:00+00:00,"Shivaji University, Kolhapur - MPCB",40.99,70.23,10.28,0.32,72.81,9.15,0.9659258262890683,0.25881904510252074,0.8660254037844386,0.5000000000000001,0.7909456567567772,0.6118864012687243,1,16.6870449,74.2505872,113.79396984924624
2025-02-22 05:30:00+00:00,"Shivaji University, Kolhapur - MPCB",40.99,70.23,10.07,0.35,81.12,9.27,0.9659258262890683,0.25881904510252074,0.8660254037844386,0.5000000000000001,0.7909456567567772,0.6118864012687243,1,16.6870449,74.2505872,113.79396984924624
2025-02-22 05:45:00+00:00,"Shivaji University, Kolhapur - MPCB",40.99,70.23,9.9,0.36,86.51,9.9,0.9659258262890683,0.25881904510252074,0.8660254037844386,0.5000000000000001,0.7909456567567772,0.6118864012687243,1,16.6870449,74.2505872,113.79396984924624
2025-02-22 06:00:00+00:00,"Shivaji University, Kolhapur - MPCB",40.58,71.33,9.78,0.34,86.9,10.08,1.0,6.123233995736766e-17,0.8660254037844386,0.5000000000000001,0.7909456567567772,0.6118864012687243,1,16.6870449,74.2505872,112.76381909547739
2025-02-22 06:15:00+00:00,"Shivaji University, Kolhapur - MPCB",40.58,71.33,9.78,0.34,86.9,10.08,1.0,6.123233995736766e-17,0.8660254037844386,0.5000000000000001,0.7909456567567772,0.6118864012687243,1,16.6870449,74.2505872,112.76381909547739
2025-02-22 06:30:00+00:00,"Shivaji University, Kolhapur - MPCB",40.58,71.33,9.82,0.34,86.9,9.02,1.0,6.123233995736766e-17,0.8660254037844386,0.5000000000000001,0.7909456567567772,0.6118864012687243,1,16.6870449,74.2505872,112.76381909547739
2025-02-22 06:45:00+00:00,"Shivaji University, Kolhapur - MPCB",39.69,73.78,9.35,0.32,89.56,8.77,1.0,6.123233995736766e-17,0.8660254037844386,0.5000000000000001,0.7909456567567772,0.6118864012687243,1,16.6870449,74.2505872,110.52763819095478
2025-02-22 07:15:00+00:00,"Shivaji University, Kolhapur - MPCB",40.16,73.93,9.07,0.33,83.62,8.55,0.9659258262890683,-0.25881904510252063,0.8660254037844386,0.5000000000000001,0.7909456567567772,0.6118864012687243,1,16.6870449,74.2505872,111.70854271356784
2025-02-22 07:45:00+00:00,"Shivaji University, Kolhapur - MPCB",40.16,73.93,8.84,0.32,80.45,10.12,0.9659258262890683,-0.25881904510252063,0.8660254037844386,0.5000000000000001,0.7909456567567772,0.6118864012687243,1,16.6870449,74.2505872,111.70854271356784
2025-02-22 08:15:00+00:00,"Shivaji University, Kolhapur - MPCB",39.72,71.55,8.98,0.28,86.03,5.49,0.8660254037844387,-0.4999999999999998,0.8660254037844386,0.5000000000000001,0.7909456567567772,0.6118864012687243,1,16.6870449,74.2505872,110.60301507537689
2025-02-22 09:30:00+00:00,"Shivaji University, Kolhapur - MPCB",36.07,61.98,8.93,0.37,98.09,6.29,0.7071067811865476,-0.7071067811865475,0.8660254037844386,0.5000000000000001,0.7909456567567772,0.6118864012687243,1,16.6870449,74.2505872,101.4321608040201
2025-02-22 09:45:00+00:00,"Shivaji University, Kolhapur - MPCB",36.07,61.98,8.9,0.36,90.55,6.29,0.7071067811865476,-0.7071067811865475,0.8660254037844386,0.5000000000000001,0.7909456567567772,0.6118864012687243,1,16.6870449,74.2505872,101.4321608040201
2025-02-22 11:30:00+00:00,"Shivaji University, Kolhapur - MPCB",38.33,54.4,9.15,0.3,82.16,4.87,0.258819045102521,-0.9659258262890682,0.8660254037844386,0.5000000000000001,0.7909456567567772,0.6118864012687243,1,16.6870449,74.2505872,107.11055276381909
2025-02-22 11:45:00+00:00,"Shivaji University, Kolhapur - MPCB",38.33,54.4,9.17,0.34,74.83,5.56,0.258819045102521,-0.9659258262890682,0.8660254037844386,0.5000000000000001,0.7909456567567772,0.6118864012687243,1,16.6870449,74.2505872,107.11055276381909
2025-02-22 12:00:00+00:00,"Shivaji University, Kolhapur - MPCB",38.07,64.93,9.33,0.35,75.47,5.67,1.2246467991473532e-16,-1.0,0.8660254037844386,0.5000000000000001,0.7909456567567772,0.6118864012687243,1,16.6870449,74.2505872,106.4572864321608
2025-02-22 12:15:00+00:00,"Shivaji University, Kolhapur - MPCB",37.49,88.26,9.49,0.43,59.89,4.8,1.2246467991473532e-16,-1.0,0.8660254037844386,0.5000000000000001,0.7909456567567772,0.6118864012687243,1,16.6870449,74.2505872,105.0
2025-02-22 12:30:00+00:00,"Shivaji University, Kolhapur - MPCB",37.49,88.26,9.49,0.43,59.89,4.8,1.2246467991473532e-16,-1.0,0.8660254037844386,0.5000000000000001,0.7909456567567772,0.6118864012687243,1,16.6870449,74.2505872,105.0
2025-02-22 12:45:00+00:00,"Shivaji University, Kolhapur - MPCB",37.49,88.26,9.74,0.43,59.89,3.22,1.2246467991473532e-16,-1.0,0.8660254037844386,0.5000000000000001,0.7909456567567772,0.6118864012687243,1,16.6870449,74.2505872,105.0
2025-02-22 13:00:00+00:00,"Shivaji University, Kolhapur - MPCB",39.29,103.32,10.72,1.05,12.99,4.31,-0.2588190451025208,-0.9659258262890683,0.8660254037844386,0.5000000000000001,0.7909456567567772,0.6118864012687243,1,16.6870449,74.2505872,109.52261306532662
2025-02-22 13:15:00+00:00,"Shivaji University, Kolhapur - MPCB",39.29,103.32,11.51,1.05,12.99,4.01,-0.2588190451025208,-0.9659258262890683,0.8660254037844386,0.5000000000000001,0.7909456567567772,0.6118864012687243,1,16.6870449,74.2505872,109.52261306532662
2025-02-22 13:30:00+00:00,"Shivaji University, Kolhapur - MPCB",52.96,168.5,0.0,0.81,9.89,20.34,-0.2588190451025208,-0.9659258262890683,0.8660254037844386,0.5000000000000001,0.7909456567567772,0.6118864012687243,1,16.6870449,74.2505872,143.86934673366835
2025-02-22 14:15:00+00:00,"Shivaji University, Kolhapur - MPCB",55.29,180.11,6.4,0.9,30.43,3.19,-0.4999999999999997,-0.8660254037844388,0.8660254037844386,0.5000000000000001,0.7909456567567772,0.6118864012687243,1,16.6870449,74.2505872,150.22000000000003
2025-02-22 14:30:00+00:00,"Shivaji University, Kolhapur - MPCB",55.29,180.11,10.91,0.92,29.81,0.55,-0.4999999999999997,-0.8660254037844388,0.8660254037844386,0.5000000000000001,0.7909456567567772,0.6118864012687243,1,16.6870449,74.2505872,150.22000000000003
2025-02-22 14:45:00+00:00,"Shivaji University, Kolhapur - MPCB",55.29,180.11,10.91,0.93,26.06,0.0,-0.4999999999999997,-0.8660254037844388,0.8660254037844386,0.5000000000000001,0.7909456567567772,0.6118864012687243,1,16.6870449,74.2505872,150.22000000000003
2025-02-22 15:00:00+00:00,"Shivaji University, Kolhapur - MPCB",55.17,168.77,10.62,0.93,25.1,0.0,-0.7071067811865471,-0.7071067811865479,0.8660254037844386,0.5000000000000001,0.7909456567567772,0.6118864012687243,1,16.6870449,74.2505872,149.42211055276383
2025-02-22 15:30:00+00:00,"Shivaji University, Kolhapur - MPCB",54.9,143.68,10.03,0.78,24.01,0.0,-0.7071067811865471,-0.7071067811865479,0.8660254037844386,0.5000000000000001,0.7909456567567772,0.6118864012687243,1,16.6870449,74.2505872,148.74371859296483
2025-02-22 15:45:00+00:00,"Shivaji University, Kolhapur - MPCB",54.9,143.68,9.42,0.69,26.77,0.0,-0.7071067811865471,-0.7071067811865479,0.8660254037844386,0.5000000000000001,0.7909456567567772,0.6118864012687243,1,16.6870449,74.2505872,148.74371859296483
2025-02-22 16:00:00+00:00,"Shivaji University, Kolhapur - MPCB",54.46,132.34,8.97,0.73,23.04,0.0,-0.8660254037844385,-0.5000000000000004,0.8660254037844386,0.5000000000000001,0.7909456567567772,0.6118864012687243,1,16.6870449,74.2505872,147.63819095477388
2025-02-22 16:15:00+00:00,"Shivaji University, Kolhapur - MPCB",53.47,107.23,8.5,0.73,16.93,0.0,-0.8660254037844385,-0.5000000000000004,0.8660254037844386,0.5000000000000001,0.7909456567567772,0.6118864012687243,1,16.6870449,74.2505872,145.15075376884423
2025-02-22 16:30:00+00:00,"Shivaji University, Kolhapur - MPCB",53.47,107.23,7.94,0.67,14.36,0.0,-0.8660254037844385,-0.5000000000000004,0.8660254037844386,0.5000000000000001,0.7909456567567772,0.6118864012687243,1,16.6870449,74.2505872,145.15075376884423
2025-02-22 16:45:00+00:00,"Shivaji University, Kolhapur - MPCB",53.47,107.23,7.41,0.72,13.32,0.0,-0.8660254037844385,-0.5000000000000004,0.8660254037844386,0.5000000000000001,0.7909456567567772,0.6118864012687243,1,16.6870449,74.2505872,145.15075376884423
2025-02-22 17:00:00+00:00,"Shivaji University, Kolhapur - MPCB",53.91,99.81,7.28,0.675,14.825,0.0,-0.9659258262890683,-0.25881904510252063,0.8660254037844386,0.5000000000000001,0.7909456567567772,0.6118864012687243,1,16.6870449,74.2505872,146.25628140703517
2025-02-22 17:15:00+00:00,"Shivaji University, Kolhapur - MPCB",54.9,83.37,7.11,0.63,16.33,0.0,-0.9659258262890683,-0.25881904510252063,0.8660254037844386,0.5000000000000001,0.7909456567567772,0.6118864012687243,1,16.6870449,74.2505872,148.74371859296483
2025-02-22 17:30:00+00:00,"Shivaji University, Kolhapur - MPCB",54.9,83.37,6.79,0.59,19.59,0.0,-0.9659258262890683,-0.25881904510252063,0.8660254037844386,0.5000000000000001,0.7909456567567772,0.6118864012687243,1,16.6870449,74.2505872,148.74371859296483
2025-02-22 17:45:00+00:00,"Shivaji University, Kolhapur - MPCB",54.9,83.37,6.49,0.52,22.34,0.0,-0.9659258262890683,-0.25881904510252063,0.8660254037844386,0.5000000000000001,0.7909456567567772,0.6118864012687243,1,16.6870449,74.2505872,148.74371859296483
2025-02-22 18:00:00+00:00,"Shivaji University, Kolhapur - MPCB",53.51,80.94,6.06,0.53,22.79,0.0,-1.0,-1.8369701987210297e-16,0.8660254037844386,0.5000000000000001,0.7909456567567772,0.6118864012687243,1,16.6870449,74.2505872,145.25125628140702
2025-02-22 18:15:00+00:00,"Shivaji University, Kolhapur - MPCB",50.44,75.54,5.83,0.51,21.55,0.0,-1.0,-1.8369701987210297e-16,0.8660254037844386,0.5000000000000001,0.7909456567567772,0.6118864012687243,1,16.6870449,74.2505872,137.53768844221105
2025-02-22 19:30:00+00:00,"Shivaji University, Kolhapur - MPCB",48.75,59.22,6.78,0.33,11.99,0.0,-0.9659258262890684,0.2588190451025203,0.8660254037844386,0.5000000000000001,0.7909456567567772,0.6118864012687243,1,16.6870449,74.2505872,133.29145728643215
2025-02-22 19:45:00+00:00,"Shivaji University, Kolhapur - MPCB",48.75,59.22,6.34,0.32,9.74,0.0,-0.9659258262890684,0.2588190451025203,0.8660254037844386,0.5000000000000001,0.7909456567567772,0.6118864012687243,1,16.6870449,74.2505872,133.29145728643215
2025-02-22 20:00:00+00:00,"Shivaji University, Kolhapur - MPCB",48.75,59.22,6.35,0.3,9.74,0.0,-0.8660254037844386,0.5000000000000001,0.8660254037844386,0.5000000000000001,0.7909456567567772,0.6118864012687243,1,16.6870449,74.2505872,133.29145728643215
2025-02-22 20:15:00+00:00,"Shivaji University, Kolhapur - MPCB",48.99,57.69,6.23,0.3,10.3,0.0,-0.8660254037844386,0.5000000000000001,0.8660254037844386,0.5000000000000001,0.7909456567567772,0.6118864012687243,1,16.6870449,74.2505872,133.89447236180905
2025-02-22 20:30:00+00:00,"Shivaji University, Kolhapur - MPCB",49.53,54.28,6.28,0.34,10.92,0.0,-0.8660254037844386,0.5000000000000001,0.8660254037844386,0.5000000000000001,0.7909456567567772,0.6118864012687243,1,16.6870449,74.2505872,135.25125628140705
2025-02-22 20:45:00+00:00,"Shivaji University, Kolhapur - MPCB",49.53,54.28,6.23,0.36,10.83,0.0,-0.8660254037844386,0.5000000000000001,0.8660254037844386,0.5000000000000001,0.7909456567567772,0.6118864012687243,1,16.6870449,74.2505872,135.25125628140705
2025-02-22 21:00:00+00:00,"Shivaji University, Kolhapur - MPCB",49.53,54.28,6.12,0.36,12.4,0.0,-0.7071067811865477,0.7071067811865474,0.8660254037844386,0.5000000000000001,0.7909456567567772,0.6118864012687243,1,16.6870449,74.2505872,135.25125628140705
2025-02-22 21:15:00+00:00,"Shivaji University, Kolhapur - MPCB",46.38,53.14,5.97,0.37,11.88,0.0,-0.7071067811865477,0.7071067811865474,0.8660254037844386,0.5000000000000001,0.7909456567567772,0.6118864012687243,1,16.6870449,74.2505872,127.33668341708544
2025-02-22 21:30:00+00:00,"Shivaji University, Kolhapur - MPCB",39.65,50.68,6.04,0.36,11.42,0.0,-0.7071067811865477,0.7071067811865474,0.8660254037844386,0.5000000000000001,0.7909456567567772,0.6118864012687243,1,16.6870449,74.2505872,110.42713567839196
2025-02-22 21:45:00+00:00,"Shivaji University, Kolhapur - MPCB",39.65,50.68,5.8,0.34,9.43,0.0,-0.7071067811865477,0.7071067811865474,0.8660254037844386,0.5000000000000001,0.7909456567567772,0.6118864012687243,1,16.6870449,74.2505872,110.42713567839196
2025-02-22 22:00:00+00:00,"Shivaji University, Kolhapur - MPCB",39.65,50.68,5.68,0.34,8.46,0.0,-0.5000000000000004,0.8660254037844384,0.8660254037844386,0.5000000000000001,0.7909456567567772,0.6118864012687243,1,16.6870449,74.2505872,110.42713567839196
2025-02-22 22:15:00+00:00,"Shivaji University, Kolhapur - MPCB",40.77,48.71,5.51,0.33,7.78,0.0,-0.5000000000000004,0.8660254037844384,0.8660254037844386,0.5000000000000001,0.7909456567567772,0.6118864012687243,1,16.6870449,74.2505872,113.24120603015076
2025-02-22 22:30:00+00:00,"Shivaji University, Kolhapur - MPCB",43.15,44.57,5.27,0.35,6.19,0.0,-0.5000000000000004,0.8660254037844384,0.8660254037844386,0.5000000000000001,0.7909456567567772,0.6118864012687243,1,16.6870449,74.2505872,119.22110552763819
2025-02-22 22:45:00+00:00,"Shivaji University, Kolhapur - MPCB",43.15,44.57,5.13,0.39,5.34,0.0,-0.5000000000000004,0.8660254037844384,0.8660254037844386,0.5000000000000001,0.7909456567567772,0.6118864012687243,1,16.6870449,74.2505872,119.22110552763819
2025-02-22 23:00:00+00:00,"Shivaji University, Kolhapur - MPCB",49.22,43.02,5.39,0.4,4.81,0.0,-0.25881904510252157,0.9659258262890681,0.8660254037844386,0.5000000000000001,0.7909456567567772,0.6118864012687243,1,16.6870449,74.2505872,134.47236180904522
2025-02-22 23:15:00+00:00,"Shivaji University, Kolhapur - MPCB",62.67,39.31,5.54,0.4,3.17,0.0,-0.25881904510252157,0.9659258262890681,0.8660254037844386,0.5000000000000001,0.7909456567567772,0.6118864012687243,1,16.6870449,74.2505872,166.73000000000002
2025-02-22 23:30:00+00:00,"Shivaji University, Kolhapur - MPCB",62.67,26.39,5.59,0.41,5.82,0.0,-0.25881904510252157,0.9659258262890681,0.8660254037844386,0.5000000000000001,0.7909456567567772,0.6118864012687243,1,16.6870449,74.2505872,166.73000000000002
2025-02-22 23:45:00+00:00,"Shivaji University, Kolhapur - MPCB",62.67,26.39,5.59,0.43,1.34,0.0,-0.25881904510252157,0.9659258262890681,0.8660254037844386,0.5000000000000001,0.7909456567567772,0.6118864012687243,1,16.6870449,74.2505872,166.73000000000002
2025-02-23 00:00:00+00:00,"Shivaji University, Kolhapur - MPCB",60.76,31.18,5.68,0.47,2.0,0.0,0.0,1.0,0.8660254037844386,0.5000000000000001,0.8013610881746766,0.5981809144059165,1,16.6870449,74.2505872,162.27333333333334
2025-02-23 00:15:00+00:00,"Shivaji University, Kolhapur - MPCB",56.51,41.81,5.66,0.55,2.8,0.0,0.0,1.0,0.8660254037844386,0.5000000000000001,0.8013610881746766,0.5981809144059165,1,16.6870449,74.2505872,152.35666666666665
2025-02-23 00:30:00+00:00,"Shivaji University, Kolhapur - MPCB",56.51,41.81,5.65,0.52,0.84,0.0,0.0,1.0,0.8660254037844386,0.5000000000000001,0.8013610881746766,0.5981809144059165,1,16.6870449,74.2505872,152.35666666666665
2025-02-23 00:45:00+00:00,"Shivaji University, Kolhapur - MPCB",56.51,41.81,5.31,0.61,0.64,0.0,0.0,1.0,0.8660254037844386,0.5000000000000001,0.8013610881746766,0.5981809144059165,1,16.6870449,74.2505872,152.35666666666665
2025-02-23 01:00:00+00:00,"Shivaji University, Kolhapur - MPCB",55.97,42.84,5.17,0.73,0.31,0.0,0.25881904510252074,0.9659258262890683,0.8660254037844386,0.5000000000000001,0.8013610881746766,0.5981809144059165,1,16.6870449,74.2505872,151.09666666666666
2025-02-23 01:15:00+00:00,"Shivaji University, Kolhapur - MPCB",54.75,45.14,4.93,0.77,1.24,0.0,0.25881904510252074,0.9659258262890683,0.8660254037844386,0.5000000000000001,0.8013610881746766,0.5981809144059165,1,16.6870449,74.2505872,148.36683417085428
2025-02-23 01:30:00+00:00,"Shivaji University, Kolhapur - MPCB",54.75,45.14,4.6,0.73,1.12,0.0,0.25881904510252074,0.9659258262890683,0.8660254037844386,0.5000000000000001,0.8013610881746766,0.5981809144059165,1,16.6870449,74.2505872,148.36683417085428
2025-02-23 01:45:00+00:00,"Shivaji University, Kolhapur - MPCB",54.75,45.14,4.42,1.0,1.77,0.0,0.25881904510252074,0.9659258262890683,0.8660254037844386,0.5000000000000001,0.8013610881746766,0.5981809144059165,1,16.6870449,74.2505872,148.36683417085428
2025-02-23 02:00:00+00:00,"Shivaji University, Kolhapur - MPCB",60.86,51.91,4.57,1.16,1.02,0.0,0.49999999999999994,0.8660254037844387,0.8660254037844386,0.5000000000000001,0.8013610881746766,0.5981809144059165,1,16.6870449,74.2505872,162.50666666666666
2025-02-23 02:15:00+00:00,"Shivaji University, Kolhapur - MPCB",74.37,66.89,4.5,1.08,2.1,0.0,0.49999999999999994,0.8660254037844387,0.8660254037844386,0.5000000000000001,0.8013610881746766,0.5981809144059165,1,16.6870449,74.2505872,194.03000000000003
2025-02-23 02:30:00+00:00,"Shivaji University, Kolhapur - MPCB",74.37,66.89,4.81,0.73,3.96,0.0,0.49999999999999994,0.8660254037844387,0.8660254037844386,0.5000000000000001,0.8013610881746766,0.5981809144059165,1,16.6870449,74.2505872,194.03000000000003
2025-02-23 02:45:00+00:00,"Shivaji University, Kolhapur - MPCB",74.37,66.89,5.35,0.67,5.45,0.0,0.49999999999999994,0.8660254037844387,0.8660254037844386,0.5000000000000001,0.8013610881746766,0.5981809144059165,1,16.6870449,74.2505872,194.03000000000003
2025-02-23 03:00:00+00:00,"Shivaji University, Kolhapur - MPCB",64.94,76.3,5.99,0.64,10.95,0.0,0.7071067811865476,0.7071067811865476,0.8660254037844386,0.5000000000000001,0.8013610881746766,0.5981809144059165,1,16.6870449,74.2505872,172.02666666666667
2025-02-23 03:15:00+00:00,"Shivaji University, Kolhapur - MPCB",44.07,97.12,6.73,0.62,24.42,1.38,0.7071067811865476,0.7071067811865476,0.8660254037844386,0.5000000000000001,0.8013610881746766,0.5981809144059165,1,16.6870449,74.2505872,121.53266331658291
2025-02-23 03:30:00+00:00,"Shivaji University, Kolhapur - MPCB",44.07,97.12,7.67,0.55,35.65,1.84,0.7071067811865476,0.7071067811865476,0.8660254037844386,0.5000000000000001,0.8013610881746766,0.5981809144059165,1,16.6870449,74.2505872,121.53266331658291
2025-02-23 03:45:00+00:00,"Shivaji University, Kolhapur - MPCB",44.07,97.12,7.62,0.55,35.65,2.16,0.7071067811865476,0.7071067811865476,0.8660254037844386,0.5000000000000001,0.8013610881746766,0.5981809144059165,1,16.6870449,74.2505872,121.53266331658291
2025-02-23 04:00:00+00:00,"Shivaji University, Kolhapur - MPCB",44.07,97.12,7.77,0.5,45.05,1.83,0.8660254037844386,0.5000000000000001,0.8660254037844386,0.5000000000000001,0.8013610881746766,0.5981809144059165,1,16.6870449,74.2505872,121.53266331658291
2025-02-23 04:15:00+00:00,"Shivaji University, Kolhapur - MPCB",41.7,99.25,7.73,0.52,49.44,2.08,0.8660254037844386,0.5000000000000001,0.8660254037844386,0.5000000000000001,0.8013610881746766,0.5981809144059165,1,16.6870449,74.2505872,115.57788944723619
2025-02-23 04:45:00+00:00,"Shivaji University, Kolhapur - MPCB",36.86,103.57,7.53,0.37,63.26,1.87,0.8660254037844386,0.5000000000000001,0.8660254037844386,0.5000000000000001,0.8013610881746766,0.5981809144059165,1,16.6870449,74.2505872,103.41708542713567
2025-02-23 05:00:00+00:00,"Shivaji University, Kolhapur - MPCB",36.86,103.57,7.7,0.35,68.11,2.16,0.9659258262890683,0.25881904510252074,0.8660254037844386,0.5000000000000001,0.8013610881746766,0.5981809144059165,1,16.6870449,74.2505872,103.41708542713567
2025-02-23 05:30:00+00:00,"Shivaji University, Kolhapur - MPCB",29.83,98.64,7.65,0.35,80.78,2.64,0.9659258262890683,0.25881904510252074,0.8660254037844386,0.5000000000000001,0.8013610881746766,0.5981809144059165,1,16.6870449,74.2505872,88.04721030042919
2025-02-23 05:45:00+00:00,"Shivaji University, Kolhapur - MPCB",29.83,98.64,7.6,0.34,80.32,3.12,0.9659258262890683,0.25881904510252074,0.8660254037844386,0.5000000000000001,0.8013610881746766,0.5981809144059165,1,16.6870449,74.2505872,88.04721030042919
2025-02-23 06:00:00+00:00,"Shivaji University, Kolhapur - MPCB",29.83,98.64,7.54,0.34,81.56,2.69,1.0,6.123233995736766e-17,0.8660254037844386,0.5000000000000001,0.8013610881746766,0.5981809144059165,1,16.6870449,74.2505872,88.04721030042919
2025-02-23 06:45:00+00:00,"Shivaji University, Kolhapur - MPCB",33.05,93.73,7.39,0.26,92.37,1.19,1.0,6.123233995736766e-17,0.8660254037844386,0.5000000000000001,0.8013610881746766,0.5981809144059165,1,16.6870449,74.2505872,94.95708154506437
2025-02-23 07:15:00+00:00,"Shivaji University, Kolhapur - MPCB",32.76,92.52,6.69,0.23,94.34,2.27,0.9659258262890683,-0.25881904510252063,0.8660254037844386,0.5000000000000001,0.8013610881746766,0.5981809144059165,1,16.6870449,74.2505872,94.33476394849785
2025-02-23 07:30:00+00:00,"Shivaji University, Kolhapur - MPCB",32.19,90.21,6.64,0.2,90.56,1.54,0.9659258262890683,-0.25881904510252063,0.8660254037844386,0.5000000000000001,0.8013610881746766,0.5981809144059165,1,16.6870449,74.2505872,93.11158798283262
2025-02-23 07:45:00+00:00,"Shivaji University, Kolhapur - MPCB",32.19,90.21,6.71,0.23,81.94,0.84,0.9659258262890683,-0.25881904510252063,0.8660254037844386,0.5000000000000001,0.8013610881746766,0.5981809144059165,1,16.6870449,74.2505872,93.11158798283262
2025-02-23 08:00:00+00:00,"Shivaji University, Kolhapur - MPCB",30.42,88.14,7.04,0.18,83.64,0.0,0.8660254037844387,-0.4999999999999998,0.8660254037844386,0.5000000000000001,0.8013610881746766,0.5981809144059165,1,16.6870449,74.2505872,89.31330472103005
2025-02-23 08:15:00+00:00,"Shivaji University, Kolhapur - MPCB",27.24,84.21,7.28,0.23,88.1,0.9,0.8660254037844387,-0.4999999999999998,0.8660254037844386,0.5000000000000001,0.8013610881746766,0.5981809144059165,1,16.6870449,74.2505872,82.4892703862661
2025-02-23 08:30:00+00:00,"Shivaji University, Kolhapur - MPCB",27.24,84.21,7.45,0.25,90.91,1.05,0.8660254037844387,-0.4999999999999998,0.8660254037844386,0.5000000000000001,0.8013610881746766,0.5981809144059165,1,16.6870449,74.2505872,82.4892703862661
2025-02-23 08:45:00+00:00,"Shivaji University, Kolhapur - MPCB",27.24,84.21,7.72,0.3,93.45,1.2,0.8660254037844387,-0.4999999999999998,0.8660254037844386,0.5000000000000001,0.8013610881746766,0.5981809144059165,1,16.6870449,74.2505872,82.4892703862661
2025-02-23 09:00:00+00:00,"Shivaji University, Kolhapur - MPCB",26.84,82.7,7.87,0.26,70.38,0.22,0.7071067811865476,-0.7071067811865475,0.8660254037844386,0.5000000000000001,0.8013610881746766,0.5981809144059165,1,16.6870449,74.2505872,81.63090128755366
2025-02-23 09:15:00+00:00,"Shivaji University, Kolhapur - MPCB",25.96,79.36,8.52,0.24,69.86,0.0,0.7071067811865476,-0.7071067811865475,0.8660254037844386,0.5000000000000001,0.8013610881746766,0.5981809144059165,1,16.6870449,74.2505872,79.74248927038627
2025-02-23 09:30:00+00:00,"Shivaji University, Kolhapur - MPCB",25.96,79.36,9.58,0.23,77.76,0.0,0.7071067811865476,-0.7071067811865475,0.8660254037844386,0.5000000000000001,0.8013610881746766,0.5981809144059165,1,16.6870449,74.2505872,79.74248927038627
2025-02-23 09:45:00+00:00,"Shivaji University, Kolhapur - MPCB",25.96,79.36,8.91,0.24,82.55,0.0,0.7071067811865476,-0.7071067811865475,0.8660254037844386,0.5000000000000001,0.8013610881746766,0.5981809144059165,1,16.6870449,74.2505872,79.74248927038627
2025-02-23 10:00:00+00:00,"Shivaji University, Kolhapur - MPCB",25.62,76.96,8.48,0.22,85.8,0.0,0.49999999999999994,-0.8660254037844387,0.8660254037844386,0.5000000000000001,0.8013610881746766,0.5981809144059165,1,16.6870449,74.2505872,79.01287553648069
2025-02-23 10:15:00+00:00,"Shivaji University, Kolhapur - MPCB",24.89,71.65,8.25,0.2,90.54,0.0,0.49999999999999994,-0.8660254037844387,0.8660254037844386,0.5000000000000001,0.8013610881746766,0.5981809144059165,1,16.6870449,74.2505872,77.44635193133048
2025-02-23 10:30:00+00:00,"Shivaji University, Kolhapur - MPCB",24.89,71.65,8.2,0.25,87.67,0.0,0.49999999999999994,-0.8660254037844387,0.8660254037844386,0.5000000000000001,0.8013610881746766,0.5981809144059165,1,16.6870449,74.2505872,77.44635193133048
2025-02-23 10:45:00+00:00,"Shivaji University, Kolhapur - MPCB",24.89,71.65,8.22,0.24,92.85,0.0,0.49999999999999994,-0.8660254037844387,0.8660254037844386,0.5000000000000001,0.8013610881746766,0.5981809144059165,1,16.6870449,74.2505872,77.44635193133048
2025-02-23 11:00:00+00:00,"Shivaji University, Kolhapur - MPCB",24.25,72.3,8.32,0.36,82.11,0.0,0.258819045102521,-0.9659258262890682,0.8660254037844386,0.5000000000000001,0.8013610881746766,0.5981809144059165,1,16.6870449,74.2505872,76.07296137339057
2025-02-23 11:15:00+00:00,"Shivaji University, Kolhapur - MPCB",22.83,73.73,8.59,0.37,77.15,0.0,0.258819045102521,-0.9659258262890682,0.8660254037844386,0.5000000000000001,0.8013610881746766,0.5981809144059165,1,16.6870449,74.2505872,73.02575107296137
2025-02-23 11:30:00+00:00,"Shivaji University, Kolhapur - MPCB",22.83,73.73,8.78,0.37,72.62,0.0,0.258819045102521,-0.9659258262890682,0.8660254037844386,0.5000000000000001,0.8013610881746766,0.5981809144059165,1,16.6870449,74.2505872,73.02575107296137
2025-02-23 11:45:00+00:00,"Shivaji University, Kolhapur - MPCB",22.83,73.73,9.07,0.37,70.01,0.0,0.258819045102521,-0.9659258262890682,0.8660254037844386,0.5000000000000001,0.8013610881746766,0.5981809144059165,1,16.6870449,74.2505872,73.02575107296137
2025-02-23 12:00:00+00:00,"Shivaji University, Kolhapur - MPCB",23.38,74.3,9.28,0.41,68.27,0.0,1.2246467991473532e-16,-1.0,0.8660254037844386,0.5000000000000001,0.8013610881746766,0.5981809144059165,1,16.6870449,74.2505872,74.20600858369099
2025-02-23 12:15:00+00:00,"Shivaji University, Kolhapur - MPCB",24.58,75.55,9.46,0.46,57.67,0.0,1.2246467991473532e-16,-1.0,0.8660254037844386,0.5000000000000001,0.8013610881746766,0.5981809144059165,1,16.6870449,74.2505872,76.78111587982832
2025-02-23 12:30:00+00:00,"Shivaji University, Kolhapur - MPCB",24.58,75.55,9.67,0.46,52.51,1.88,1.2246467991473532e-16,-1.0,0.8660254037844386,0.5000000000000001,0.8013610881746766,0.5981809144059165,1,16.6870449,74.2505872,76.78111587982832
2025-02-23 12:45:00+00:00,"Shivaji University, Kolhapur - MPCB",24.58,75.55,9.75,0.5,46.37,3.02,1.2246467991473532e-16,-1.0,0.8660254037844386,0.5000000000000001,0.8013610881746766,0.5981809144059165,1,16.6870449,74.2505872,76.78111587982832
2025-02-23 13:00:00+00:00,"Shivaji University, Kolhapur - MPCB",24.41,77.41,9.77,0.44,41.28,3.05,-0.2588190451025208,-0.9659258262890683,0.8660254037844386,0.5000000000000001,0.8013610881746766,0.5981809144059165,1,16.6870449,74.2505872,76.41630901287554
2025-02-23 13:30:00+00:00,"Shivaji University, Kolhapur - MPCB",24.07,81.33,9.98,0.52,31.5,3.03,-0.2588190451025208,-0.9659258262890683,0.8660254037844386,0.5000000000000001,0.8013610881746766,0.5981809144059165,1,16.6870449,74.2505872,75.68669527896996
2025-02-23 14:00:00+00:00,"Shivaji University, Kolhapur - MPCB",24.07,81.33,10.94,0.88,9.13,5.64,-0.4999999999999997,-0.8660254037844388,0.8660254037844386,0.5000000000000001,0.8013610881746766,0.5981809144059165,1,16.6870449,74.2505872,75.68669527896996
2025-02-23 15:30:00+00:00,"Shivaji University, Kolhapur - MPCB",39.94,143.12,11.13,1.09,16.95,4.09,-0.7071067811865471,-0.7071067811865479,0.8660254037844386,0.5000000000000001,0.8013610881746766,0.5981809144059165,1,16.6870449,74.2505872,111.15577889447236
2025-02-23 15:45:00+00:00,"Shivaji University, Kolhapur - MPCB",39.94,143.12,11.2,1.0,17.99,3.5,-0.7071067811865471,-0.7071067811865479,0.8660254037844386,0.5000000000000001,0.8013610881746766,0.5981809144059165,1,16.6870449,74.2505872,111.15577889447236
2025-02-23 16:00:00+00:00,"Shivaji University, Kolhapur - MPCB",40.76,142.29,11.21,0.75,31.4,3.3,-0.8660254037844385,-0.5000000000000004,0.8660254037844386,0.5000000000000001,0.8013610881746766,0.5981809144059165,1,16.6870449,74.2505872,113.21608040201005
2025-02-23 16:45:00+00:00,"Shivaji University, Kolhapur - MPCB",42.37,140.73,11.06,0.54,23.46,3.09,-0.8660254037844385,-0.5000000000000004,0.8660254037844386,0.5000000000000001,0.8013610881746766,0.5981809144059165,1,16.6870449,74.2505872,117.26130653266331
2025-02-23 17:45:00+00:00,"Shivaji University, Kolhapur - MPCB",43.68,118.44,10.01,0.56,10.99,2.54,-0.9659258262890683,-0.25881904510252063,0.8660254037844386,0.5000000000000001,0.8013610881746766,0.5981809144059165,1,16.6870449,74.2505872,120.55276381909547
2025-02-23 18:00:00+00:00,"Shivaji University, Kolhapur - MPCB",43.71,114.42,9.87,0.53,13.12,2.85,-1.0,-1.8369701987210297e-16,0.8660254037844386,0.5000000000000001,0.8013610881746766,0.5981809144059165,1,16.6870449,74.2505872,120.62814070351759
2025-02-23 18:15:00+00:00,"Shivaji University, Kolhapur - MPCB",43.71,114.42,9.87,0.53,13.12,2.85,-1.0,-1.8369701987210297e-16,0.8660254037844386,0.5000000000000001,0.8013610881746766,0.5981809144059165,1,16.6870449,74.2505872,120.62814070351759
2025-02-23 19:30:00+00:00,"Shivaji University, Kolhapur - MPCB",44.48,97.39,8.46,0.6,5.85,2.58,-0.9659258262890684,0.2588190451025203,0.8660254037844386,0.5000000000000001,0.8013610881746766,0.5981809144059165,1,16.6870449,74.2505872,122.56281407035175
2025-02-23 19:45:00+00:00,"Shivaji University, Kolhapur - MPCB",44.48,97.39,8.61,0.6,5.92,2.59,-0.9659258262890684,0.2588190451025203,0.8660254037844386,0.5000000000000001,0.8013610881746766,0.5981809144059165,1,16.6870449,74.2505872,122.56281407035175
2025-02-23 20:00:00+00:00,"Shivaji University, Kolhapur - MPCB",44.48,97.39,8.53,0.58,5.46,2.02,-0.8660254037844386,0.5000000000000001,0.8660254037844386,0.5000000000000001,0.8013610881746766,0.5981809144059165,1,16.6870449,74.2505872,122.56281407035175
2025-02-23 20:15:00+00:00,"Shivaji University, Kolhapur - MPCB",42.97,94.87,8.53,0.56,4.38,2.41,-0.8660254037844386,0.5000000000000001,0.8660254037844386,0.5000000000000001,0.8013610881746766,0.5981809144059165,1,16.6870449,74.2505872,118.76884422110552
2025-02-23 20:30:00+00:00,"Shivaji University, Kolhapur - MPCB",40.17,90.2,8.37,0.53,5.11,1.87,-0.8660254037844386,0.5000000000000001,0.8660254037844386,0.5000000000000001,0.8013610881746766,0.5981809144059165,1,16.6870449,74.2505872,111.73366834170855
2025-02-23 20:45:00+00:00,"Shivaji University, Kolhapur - MPCB",40.17,90.2,8.25,0.44,6.74,2.23,-0.8660254037844386,0.5000000000000001,0.8660254037844386,0.5000000000000001,0.8013610881746766,0.5981809144059165,1,16.6870449,74.2505872,111.73366834170855
2025-02-23 21:00:00+00:00,"Shivaji University, Kolhapur - MPCB",40.17,90.2,8.22,0.41,13.14,2.01,-0.7071067811865477,0.7071067811865474,0.8660254037844386,0.5000000000000001,0.8013610881746766,0.5981809144059165,1,16.6870449,74.2505872,111.73366834170855
2025-02-23 21:15:00+00:00,"Shivaji University, Kolhapur - MPCB",39.79,85.14,7.94,0.41,14.69,1.96,-0.7071067811865477,0.7071067811865474,0.8660254037844386,0.5000000000000001,0.8013610881746766,0.5981809144059165,1,16.6870449,74.2505872,110.77889447236181
2025-02-23 21:30:00+00:00,"Shivaji University, Kolhapur - MPCB",38.95,73.94,7.72,0.45,17.54,1.77,-0.7071067811865477,0.7071067811865474,0.8660254037844386,0.5000000000000001,0.8013610881746766,0.5981809144059165,1,16.6870449,74.2505872,108.66834170854273
2025-02-23 21:45:00+00:00,"Shivaji University, Kolhapur - MPCB",38.95,73.94,7.51,0.55,8.58,1.96,-0.7071067811865477,0.7071067811865474,0.8660254037844386,0.5000000000000001,0.8013610881746766,0.5981809144059165,1,16.6870449,74.2505872,108.66834170854273
2025-02-23 22:45:00+00:00,"Shivaji University, Kolhapur - MPCB",38.66,67.49,7.21,0.65,3.55,1.72,-0.5000000000000004,0.8660254037844384,0.8660254037844386,0.5000000000000001,0.8013610881746766,0.5981809144059165,1,16.6870449,74.2505872,107.9396984924623
2025-02-23 23:00:00+00:00,"Shivaji University, Kolhapur - MPCB",41.59,67.32,7.12,0.67,1.34,1.6,-0.25881904510252157,0.9659258262890681,0.8660254037844386,0.5000000000000001,0.8013610881746766,0.5981809144059165,1,16.6870449,74.2505872,115.30150753768845
2025-02-23 23:15:00+00:00,"Shivaji University, Kolhapur - MPCB",48.08,66.96,7.02,0.7,0.85,1.74,-0.25881904510252157,0.9659258262890681,0.8660254037844386,0.5000000000000001,0.8013610881746766,0.5981809144059165,1,16.6870449,74.2505872,131.60804020100502
2025-02-23 23:30:00+00:00,"Shivaji University, Kolhapur - MPCB",48.08,66.96,6.96,0.7,0.85,1.74,-0.25881904510252157,0.9659258262890681,0.8660254037844386,0.5000000000000001,0.8013610881746766,0.5981809144059165,1,16.6870449,74.2505872,131.60804020100502
2025-02-23 23:45:00+00:00,"Shivaji University, Kolhapur - MPCB",48.08,66.96,6.89,0.68,0.18,2.08,-0.25881904510252157,0.9659258262890681,0.8660254037844386,0.5000000000000001,0.8013610881746766,0.5981809144059165,1,16.6870449,74.2505872,131.60804020100502
2025-02-24 00:00:00+00:00,"Shivaji University, Kolhapur - MPCB",48.08,66.96,6.79,0.69,0.0,1.96,0.0,1.0,0.8660254037844386,0.5000000000000001,0.8115390590073611,0.5842981736283684,0,16.6870449,74.2505872,131.60804020100502
2025-02-24 00:30:00+00:00,"Shivaji University, Kolhapur - MPCB",48.57,72.99,6.54,0.47,0.0,1.81,0.0,1.0,0.8660254037844386,0.5000000000000001,0.8115390590073611,0.5842981736283684,0,16.6870449,74.2505872,132.8391959798995
2025-02-24 00:45:00+00:00,"Shivaji University, Kolhapur - MPCB",48.57,72.99,7.08,0.52,2.83,1.84,0.0,1.0,0.8660254037844386,0.5000000000000001,0.8115390590073611,0.5842981736283684,0,16.6870449,74.2505872,132.8391959798995
2025-02-24 01:00:00+00:00,"Shivaji University, Kolhapur - MPCB",48.57,72.99,7.25,0.55,2.83,1.65,0.25881904510252074,0.9659258262890683,0.8660254037844386,0.5000000000000001,0.8115390590073611,0.5842981736283684,0,16.6870449,74.2505872,132.8391959798995
2025-02-24 01:15:00+00:00,"Shivaji University, Kolhapur - MPCB",45.33,72.42,7.29,0.55,2.87,1.51,0.25881904510252074,0.9659258262890683,0.8660254037844386,0.5000000000000001,0.8115390590073611,0.5842981736283684,0,16.6870449,74.2505872,124.69849246231155
2025-02-24 01:30:00+00:00,"Shivaji University, Kolhapur - MPCB",38.17,71.18,7.14,0.88,0.99,1.37,0.25881904510252074,0.9659258262890683,0.8660254037844386,0.5000000000000001,0.8115390590073611,0.5842981736283684,0,16.6870449,74.2505872,106.70854271356785
2025-02-24 01:45:00+00:00,"Shivaji University, Kolhapur - MPCB",38.17,71.18,7.19,1.03,1.72,1.15,0.25881904510252074,0.9659258262890683,0.8660254037844386,0.5000000000000001,0.8115390590073611,0.5842981736283684,0,16.6870449,74.2505872,106.70854271356785
2025-02-24 02:00:00+00:00,"Shivaji University, Kolhapur - MPCB",38.17,71.18,6.95,1.03,2.62,1.79,0.49999999999999994,0.8660254037844387,0.8660254037844386,0.5000000000000001,0.8115390590073611,0.5842981736283684,0,16.6870449,74.2505872,106.70854271356785
2025-02-24 02:15:00+00:00,"Shivaji University, Kolhapur - MPCB",45.66,81.15,6.58,1.38,3.98,1.84,0.49999999999999994,0.8660254037844387,0.8660254037844386,0.5000000000000001,0.8115390590073611,0.5842981736283684,0,16.6870449,74.2505872,125.52763819095478
2025-02-24 02:30:00+00:00,"Shivaji University, Kolhapur - MPCB",61.71,102.53,6.85,1.08,5.85,3.11,0.49999999999999994,0.8660254037844387,0.8660254037844386,0.5000000000000001,0.8115390590073611,0.5842981736283684,0,16.6870449,74.2505872,164.49
2025-02-24 02:45:00+00:00,"Shivaji University, Kolhapur - MPCB",61.71,102.53,7.64,0.85,7.96,6.93,0.49999999999999994,0.8660254037844387,0.8660254037844386,0.5000000000000001,0.8115390590073611,0.5842981736283684,0,16.6870449,74.2505872,164.49
2025-02-24 03:00:00+00:00,"Shivaji University, Kolhapur - MPCB",63.1,111.8,8.61,0.7,22.31,11.08,0.7071067811865476,0.7071067811865476,0.8660254037844386,0.5000000000000001,0.8115390590073611,0.5842981736283684,0,16.6870449,74.2505872,167.73333333333335
2025-02-24 03:15:00+00:00,"Shivaji University, Kolhapur - MPCB",66.17,132.32,8.93,0.57,32.57,12.72,0.7071067811865476,0.7071067811865476,0.8660254037844386,0.5000000000000001,0.8115390590073611,0.5842981736283684,0,16.6870449,74.2505872,174.89666666666668
2025-02-24 03:30:00+00:00,"Shivaji University, Kolhapur - MPCB",66.17,132.32,9.6,0.55,41.24,15.09,0.7071067811865476,0.7071067811865476,0.8660254037844386,0.5000000000000001,0.8115390590073611,0.5842981736283684,0,16.6870449,74.2505872,174.89666666666668
2025-02-24 03:45:00+00:00,"Shivaji University, Kolhapur - MPCB",66.17,132.32,9.89,0.53,44.06,15.16,0.7071067811865476,0.7071067811865476,0.8660254037844386,0.5000000000000001,0.8115390590073611,0.5842981736283684,0,16.6870449,74.2505872,174.89666666666668
2025-02-24 04:00:00+00:00,"Shivaji University, Kolhapur - MPCB",62.99,123.45,10.08,0.5,49.33,15.75,0.8660254037844386,0.5000000000000001,0.8660254037844386,0.5000000000000001,0.8115390590073611,0.5842981736283684,0,16.6870449,74.2505872,167.4766666666667
2025-02-24 04:15:00+00:00,"Shivaji University, Kolhapur - MPCB",55.97,103.8,10.27,0.43,55.02,17.61,0.8660254037844386,0.5000000000000001,0.8660254037844386,0.5000000000000001,0.8115390590073611,0.5842981736283684,0,16.6870449,74.2505872,151.09666666666666
2025-02-24 04:30:00+00:00,"Shivaji University, Kolhapur - MPCB",55.97,103.8,10.15,0.4,60.92,19.5,0.8660254037844386,0.5000000000000001,0.8660254037844386,0.5000000000000001,0.8115390590073611,0.5842981736283684,0,16.6870449,74.2505872,151.09666666666666
2025-02-24 04:45:00+00:00,"Shivaji University, Kolhapur - MPCB",55.97,103.8,10.04,0.4,60.92,21.61,0.8660254037844386,0.5000000000000001,0.8660254037844386,0.5000000000000001,0.8115390590073611,0.5842981736283684,0,16.6870449,74.2505872,151.09666666666666
2025-02-24 05:00:00+00:00,"Shivaji University, Kolhapur - MPCB",55.97,103.8,9.94,0.43,69.37,21.46,0.9659258262890683,0.25881904510252074,0.8660254037844386,0.5000000000000001,0.8115390590073611,0.5842981736283684,0,16.6870449,74.2505872,151.09666666666666
2025-02-24 05:15:00+00:00,"Shivaji University, Kolhapur - MPCB",52.61,101.41,9.73,0.45,68.55,18.79,0.9659258262890683,0.25881904510252074,0.8660254037844386,0.5000000000000001,0.8115390590073611,0.5842981736283684,0,16.6870449,74.2505872,142.98994974874373
2025-02-24 05:30:00+00:00,"Shivaji University, Kolhapur - MPCB",45.77,96.53,9.53,0.38,76.57,16.42,0.9659258262890683,0.25881904510252074,0.8660254037844386,0.5000000000000001,0.8115390590073611,0.5842981736283684,0,16.6870449,74.2505872,125.80402010050253
2025-02-24 05:45:00+00:00,"Shivaji University, Kolhapur - MPCB",45.77,96.53,9.3,0.36,82.78,15.32,0.9659258262890683,0.25881904510252074,0.8660254037844386,0.5000000000000001,0.8115390590073611,0.5842981736283684,0,16.6870449,74.2505872,125.80402010050253
2025-02-24 06:00:00+00:00,"Shivaji University, Kolhapur - MPCB",45.77,96.53,9.21,0.33,87.02,13.51,1.0,6.123233995736766e-17,0.8660254037844386,0.5000000000000001,0.8115390590073611,0.5842981736283684,0,16.6870449,74.2505872,125.80402010050253
2025-02-24 06:30:00+00:00,"Shivaji University, Kolhapur - MPCB",48.87,92.05,8.82,0.23,80.24,7.99,1.0,6.123233995736766e-17,0.8660254037844386,0.5000000000000001,0.8115390590073611,0.5842981736283684,0,16.6870449,74.2505872,133.5929648241206
2025-02-24 06:45:00+00:00,"Shivaji University, Kolhapur - MPCB",48.87,92.05,8.63,0.17,78.46,7.18,1.0,6.123233995736766e-17,0.8660254037844386,0.5000000000000001,0.8115390590073611,0.5842981736283684,0,16.6870449,74.2505872,133.5929648241206
2025-02-24 07:00:00+00:00,"Shivaji University, Kolhapur - MPCB",48.87,92.05,8.38,0.17,78.48,7.18,0.9659258262890683,-0.25881904510252063,0.8660254037844386,0.5000000000000001,0.8115390590073611,0.5842981736283684,0,16.6870449,74.2505872,133.5929648241206
2025-02-24 07:45:00+00:00,"Shivaji University, Kolhapur - MPCB",33.97,84.78,8.17,0.13,80.4,5.37,0.9659258262890683,-0.25881904510252063,0.8660254037844386,0.5000000000000001,0.8115390590073611,0.5842981736283684,0,16.6870449,74.2505872,96.93133047210301
2025-02-24 08:00:00+00:00,"Shivaji University, Kolhapur - MPCB",33.97,84.78,8.1,0.12,82.2,5.58,0.8660254037844387,-0.4999999999999998,0.8660254037844386,0.5000000000000001,0.8115390590073611,0.5842981736283684,0,16.6870449,74.2505872,96.93133047210301
2025-02-24 08:30:00+00:00,"Shivaji University, Kolhapur - MPCB",34.44,72.63,8.13,0.14,90.69,7.38,0.8660254037844387,-0.4999999999999998,0.8660254037844386,0.5000000000000001,0.8115390590073611,0.5842981736283684,0,16.6870449,74.2505872,97.93991416309012
2025-02-24 08:45:00+00:00,"Shivaji University, Kolhapur - MPCB",34.44,72.63,8.13,0.17,92.53,7.19,0.8660254037844387,-0.4999999999999998,0.8660254037844386,0.5000000000000001,0.8115390590073611,0.5842981736283684,0,16.6870449,74.2505872,97.93991416309012
2025-02-24 09:00:00+00:00,"Shivaji University, Kolhapur - MPCB",32.32,69.23,8.13,0.17,93.11,7.2,0.7071067811865476,-0.7071067811865475,0.8660254037844386,0.5000000000000001,0.8115390590073611,0.5842981736283684,0,16.6870449,74.2505872,93.39055793991417
2025-02-24 09:15:00+00:00,"Shivaji University, Kolhapur - MPCB",28.78,63.53,8.15,0.19,92.77,7.77,0.7071067811865476,-0.7071067811865475,0.8660254037844386,0.5000000000000001,0.8115390590073611,0.5842981736283684,0,16.6870449,74.2505872,85.79399141630901
2025-02-24 09:30:00+00:00,"Shivaji University, Kolhapur - MPCB",28.78,63.53,8.23,0.17,88.33,7.72,0.7071067811865476,-0.7071067811865475,0.8660254037844386,0.5000000000000001,0.8115390590073611,0.5842981736283684,0,16.6870449,74.2505872,85.79399141630901
2025-02-24 09:45:00+00:00,"Shivaji University, Kolhapur - MPCB",28.78,63.53,8.38,0.15,94.78,7.76,0.7071067811865476,-0.7071067811865475,0.8660254037844386,0.5000000000000001,0.8115390590073611,0.5842981736283684,0,16.6870449,74.2505872,85.79399141630901
2025-02-24 10:00:00+00:00,"Shivaji University, Kolhapur - MPCB",28.86,65.0,8.34,0.16,93.94,7.9,0.49999999999999994,-0.8660254037844387,0.8660254037844386,0.5000000000000001,0.8115390590073611,0.5842981736283684,0,16.6870449,74.2505872,85.9656652360515
2025-02-24 10:15:00+00:00,"Shivaji University, Kolhapur - MPCB",29.03,68.26,8.37,0.14,87.64,6.96,0.49999999999999994,-0.8660254037844387,0.8660254037844386,0.5000000000000001,0.8115390590073611,0.5842981736283684,0,16.6870449,74.2505872,86.3304721030043
2025-02-24 10:30:00+00:00,"Shivaji University, Kolhapur - MPCB",29.03,68.26,8.4,0.1,84.7,5.53,0.49999999999999994,-0.8660254037844387,0.8660254037844386,0.5000000000000001,0.8115390590073611,0.5842981736283684,0,16.6870449,74.2505872,86.3304721030043
2025-02-24 10:45:00+00:00,"Shivaji University, Kolhapur - MPCB",29.03,68.26,8.34,0.12,71.64,2.98,0.49999999999999994,-0.8660254037844387,0.8660254037844386,0.5000000000000001,0.8115390590073611,0.5842981736283684,0,16.6870449,74.2505872,86.3304721030043
2025-02-24 11:00:00+00:00,"Shivaji University, Kolhapur - MPCB",28.11,66.17,8.31,0.15,74.46,3.67,0.258819045102521,-0.9659258262890682,0.8660254037844386,0.5000000000000001,0.8115390590073611,0.5842981736283684,0,16.6870449,74.2505872,84.35622317596567
2025-02-24 11:15:00+00:00,"Shivaji University, Kolhapur - MPCB",26.08,61.55,8.35,0.14,74.54,3.16,0.258819045102521,-0.9659258262890682,0.8660254037844386,0.5000000000000001,0.8115390590073611,0.5842981736283684,0,16.6870449,74.2505872,80.0
2025-02-24 11:30:00+00:00,"Shivaji University, Kolhapur - MPCB",26.08,61.55,8.41,0.13,75.08,2.87,0.258819045102521,-0.9659258262890682,0.8660254037844386,0.5000000000000001,0.8115390590073611,0.5842981736283684,0,16.6870449,74.2505872,80.0
2025-02-24 11:45:00+00:00,"Shivaji University, Kolhapur - MPCB",26.08,61.55,8.37,0.13,71.97,2.69,0.258819045102521,-0.9659258262890682,0.8660254037844386,0.5000000000000001,0.8115390590073611,0.5842981736283684,0,16.6870449,74.2505872,80.0
2025-02-24 12:00:00+00:00,"Shivaji University, Kolhapur - MPCB",24.59,58.69,8.43,0.13,73.25,2.66,1.2246467991473532e-16,-1.0,0.8660254037844386,0.5000000000000001,0.8115390590073611,0.5842981736283684,0,16.6870449,74.2505872,76.80257510729615
2025-02-24 12:15:00+00:00,"Shivaji University, Kolhapur - MPCB",21.3,52.67,8.61,0.18,69.58,2.26,1.2246467991473532e-16,-1.0,0.8660254037844386,0.5000000000000001,0.8115390590073611,0.5842981736283684,0,16.6870449,74.2505872,69.74248927038627
2025-02-24 12:30:00+00:00,"Shivaji University, Kolhapur - MPCB",21.3,52.67,8.79,0.25,49.4,1.27,1.2246467991473532e-16,-1.0,0.8660254037844386,0.5000000000000001,0.8115390590073611,0.5842981736283684,0,16.6870449,74.2505872,69.74248927038627
2025-02-24 12:45:00+00:00,"Shivaji University, Kolhapur - MPCB",21.3,52.67,9.059999999999999,0.345,42.17,1.72,1.2246467991473532e-16,-1.0,0.8660254037844386,0.5000000000000001,0.8115390590073611,0.5842981736283684,0,16.6870449,74.2505872,69.74248927038627
2025-02-24 13:00:00+00:00,"Shivaji University, Kolhapur - MPCB",22.07,54.58,9.33,0.44,34.94,2.17,-0.2588190451025208,-0.9659258262890683,0.8660254037844386,0.5000000000000001,0.8115390590073611,0.5842981736283684,0,16.6870449,74.2505872,71.39484978540773
2025-02-24 13:15:00+00:00,"Shivaji University, Kolhapur - MPCB",23.78,58.6,9.53,0.45,25.41,2.3,-0.2588190451025208,-0.9659258262890683,0.8660254037844386,0.5000000000000001,0.8115390590073611,0.5842981736283684,0,16.6870449,74.2505872,75.06437768240343
2025-02-24 13:30:00+00:00,"Shivaji University, Kolhapur - MPCB",23.78,58.6,10.04,0.56,14.97,2.3,-0.2588190451025208,-0.9659258262890683,0.8660254037844386,0.5000000000000001,0.8115390590073611,0.5842981736283684,0,16.6870449,74.2505872,75.06437768240343
2025-02-24 13:45:00+00:00,"Shivaji University, Kolhapur - MPCB",23.78,58.6,10.6,0.59,7.48,2.89,-0.2588190451025208,-0.9659258262890683,0.8660254037844386,0.5000000000000001,0.8115390590073611,0.5842981736283684,0,16.6870449,74.2505872,75.06437768240343
2025-02-24 14:00:00+00:00,"Shivaji University, Kolhapur - MPCB",25.05,65.83,11.12,0.66,7.73,3.87,-0.4999999999999997,-0.8660254037844388,0.8660254037844386,0.5000000000000001,0.8115390590073611,0.5842981736283684,0,16.6870449,74.2505872,77.78969957081546
2025-02-24 14:15:00+00:00,"Shivaji University, Kolhapur - MPCB",27.86,81.82,11.32,0.58,10.97,2.34,-0.4999999999999997,-0.8660254037844388,0.8660254037844386,0.5000000000000001,0.8115390590073611,0.5842981736283684,0,16.6870449,74.2505872,83.8197424892704
2025-02-24 14:30:00+00:00,"Shivaji University, Kolhapur - MPCB",27.86,81.82,11.51,0.64,8.23,2.89,-0.4999999999999997,-0.8660254037844388,0.8660254037844386,0.5000000000000001,0.8115390590073611,0.5842981736283684,0,16.6870449,74.2505872,83.8197424892704
2025-02-24 14:45:00+00:00,"Shivaji University, Kolhapur - MPCB",27.86,81.82,11.7,0.69,6.3,3.4,-0.4999999999999997,-0.8660254037844388,0.8660254037844386,0.5000000000000001,0.8115390590073611,0.5842981736283684,0,16.6870449,74.2505872,83.8197424892704
2025-02-24 15:00:00+00:00,"Shivaji University, Kolhapur - MPCB",28.59,85.24,11.73,0.71,5.55,2.75,-0.7071067811865471,-0.7071067811865479,0.8660254037844386,0.5000000000000001,0.8115390590073611,0.5842981736283684,0,16.6870449,74.2505872,85.38626609442062
2025-02-24 15:15:00+00:00,"Shivaji University, Kolhapur - MPCB",30.22,92.8,11.56,0.64,9.45,2.63,-0.7071067811865471,-0.7071067811865479,0.8660254037844386,0.5000000000000001,0.8115390590073611,0.5842981736283684,0,16.6870449,74.2505872,88.88412017167383
2025-02-24 15:30:00+00:00,"Shivaji University, Kolhapur - MPCB",30.22,92.8,11.5,0.76,7.97,2.86,-0.7071067811865471,-0.7071067811865479,0.8660254037844386,0.5000000000000001,0.8115390590073611,0.5842981736283684,0,16.6870449,74.2505872,88.88412017167383
2025-02-24 15:45:00+00:00,"Shivaji University, Kolhapur - MPCB",30.22,92.8,11.43,0.76,7.97,3.75,-0.7071067811865471,-0.7071067811865479,0.8660254037844386,0.5000000000000001,0.8115390590073611,0.5842981736283684,0,16.6870449,74.2505872,88.88412017167383
2025-02-24 16:00:00+00:00,"Shivaji University, Kolhapur - MPCB",30.22,92.8,11.33,0.61,12.84,3.75,-0.8660254037844385,-0.5000000000000004,0.8660254037844386,0.5000000000000001,0.8115390590073611,0.5842981736283684,0,16.6870449,74.2505872,88.88412017167383
2025-02-24 16:30:00+00:00,"Shivaji University, Kolhapur - MPCB",41.13,109.14,11.52,0.74,16.27,3.29,-0.8660254037844385,-0.5000000000000004,0.8660254037844386,0.5000000000000001,0.8115390590073611,0.5842981736283684,0,16.6870449,74.2505872,114.14572864321609
2025-02-24 16:45:00+00:00,"Shivaji University, Kolhapur - MPCB",41.13,109.14,11.51,0.7,14.16,2.57,-0.8660254037844385,-0.5000000000000004,0.8660254037844386,0.5000000000000001,0.8115390590073611,0.5842981736283684,0,16.6870449,74.2505872,114.14572864321609
2025-02-24 17:00:00+00:00,"Shivaji University, Kolhapur - MPCB",41.02,109.4,11.36,0.74,10.15,1.7,-0.9659258262890683,-0.25881904510252063,0.8660254037844386,0.5000000000000001,0.8115390590073611,0.5842981736283684,0,16.6870449,74.2505872,113.86934673366835
2025-02-24 17:30:00+00:00,"Shivaji University, Kolhapur - MPCB",40.77,109.94,11.09,0.72,10.29,1.93,-0.9659258262890683,-0.25881904510252063,0.8660254037844386,0.5000000000000001,0.8115390590073611,0.5842981736283684,0,16.6870449,74.2505872,113.24120603015076
2025-02-24 17:45:00+00:00,"Shivaji University, Kolhapur - MPCB",40.77,109.94,11.1,0.72,10.2,1.73,-0.9659258262890683,-0.25881904510252063,0.8660254037844386,0.5000000000000001,0.8115390590073611,0.5842981736283684,0,16.6870449,74.2505872,113.24120603015076
2025-02-24 18:15:00+00:00,"Shivaji University, Kolhapur - MPCB",42.1,109.03,10.68,0.72,7.79,1.55,-1.0,-1.8369701987210297e-16,0.8660254037844386,0.5000000000000001,0.8115390590073611,0.5842981736283684,0,16.6870449,74.2505872,116.58291457286433
2025-02-24 19:15:00+00:00,"Shivaji University, Kolhapur - MPCB",44.89,106.54,10.18,0.67,9.11,1.54,-0.9659258262890684,0.2588190451025203,0.8660254037844386,0.5000000000000001,0.8115390590073611,0.5842981736283684,0,16.6870449,74.2505872,123.5929648241206
2025-02-24 19:30:00+00:00,"Shivaji University, Kolhapur - MPCB",45.96,104.52,10.18,0.54,18.51,1.62,-0.9659258262890684,0.2588190451025203,0.8660254037844386,0.5000000000000001,0.8115390590073611,0.5842981736283684,0,16.6870449,74.2505872,126.28140703517589
2025-02-24 19:45:00+00:00,"Shivaji University, Kolhapur - MPCB",45.96,104.52,10.13,0.54,18.51,1.35,-0.9659258262890684,0.2588190451025203,0.8660254037844386,0.5000000000000001,0.8115390590073611,0.5842981736283684,0,16.6870449,74.2505872,126.28140703517589
2025-02-24 20:00:00+00:00,"Shivaji University, Kolhapur - MPCB",45.79,102.71,9.97,0.59,22.96,1.45,-0.8660254037844386,0.5000000000000001,0.8660254037844386,0.5000000000000001,0.8115390590073611,0.5842981736283684,0,16.6870449,74.2505872,125.85427135678393
2025-02-24 20:15:00+00:00,"Shivaji University, Kolhapur - MPCB",45.44,98.96,9.98,0.61,22.47,2.12,-0.8660254037844386,0.5000000000000001,0.8660254037844386,0.5000000000000001,0.8115390590073611,0.5842981736283684,0,16.6870449,74.2505872,124.9748743718593
2025-02-24 20:30:00+00:00,"Shivaji University, Kolhapur - MPCB",45.44,98.96,10.07,0.59,9.11,2.17,-0.8660254037844386,0.5000000000000001,0.8660254037844386,0.5000000000000001,0.8115390590073611,0.5842981736283684,0,16.6870449,74.2505872,124.9748743718593
2025-02-24 20:45:00+00:00,"Shivaji University, Kolhapur - MPCB",45.44,98.96,10.19,0.59,9.11,1.79,-0.8660254037844386,0.5000000000000001,0.8660254037844386,0.5000000000000001,0.8115390590073611,0.5842981736283684,0,16.6870449,74.2505872,124.9748743718593
2025-02-24 21:00:00+00:00,"Shivaji University, Kolhapur - MPCB",45.44,98.96,10.03,0.6,5.38,1.44,-0.7071067811865477,0.7071067811865474,0.8660254037844386,0.5000000000000001,0.8115390590073611,0.5842981736283684,0,16.6870449,74.2505872,124.9748743718593
2025-02-24 21:15:00+00:00,"Shivaji University, Kolhapur - MPCB",46.1,96.4,9.8,0.57,7.24,1.61,-0.7071067811865477,0.7071067811865474,0.8660254037844386,0.5000000000000001,0.8115390590073611,0.5842981736283684,0,16.6870449,74.2505872,126.63316582914574
2025-02-24 21:30:00+00:00,"Shivaji University, Kolhapur - MPCB",47.42,91.28,9.68,0.56,9.28,1.4,-0.7071067811865477,0.7071067811865474,0.8660254037844386,0.5000000000000001,0.8115390590073611,0.5842981736283684,0,16.6870449,74.2505872,129.9497487437186
2025-02-24 21:45:00+00:00,"Shivaji University, Kolhapur - MPCB",47.42,91.28,9.64,0.54,6.83,1.43,-0.7071067811865477,0.7071067811865474,0.8660254037844386,0.5000000000000001,0.8115390590073611,0.5842981736283684,0,16.6870449,74.2505872,129.9497487437186
2025-02-24 22:00:00+00:00,"Shivaji University, Kolhapur - MPCB",46.7,90.36,9.57,0.52,9.09,1.53,-0.5000000000000004,0.8660254037844384,0.8660254037844386,0.5000000000000001,0.8115390590073611,0.5842981736283684,0,16.6870449,74.2505872,128.14070351758795
2025-02-24 22:30:00+00:00,"Shivaji University, Kolhapur - MPCB",45.18,88.42,9.43,0.51,7.4,1.58,-0.5000000000000004,0.8660254037844384,0.8660254037844386,0.5000000000000001,0.8115390590073611,0.5842981736283684,0,16.6870449,74.2505872,124.321608040201
2025-02-24 22:45:00+00:00,"Shivaji University, Kolhapur - MPCB",45.18,88.42,9.4,0.59,6.79,1.06,-0.5000000000000004,0.8660254037844384,0.8660254037844386,0.5000000000000001,0.8115390590073611,0.5842981736283684,0,16.6870449,74.2505872,124.321608040201
2025-02-24 23:00:00+00:00,"Shivaji University, Kolhapur - MPCB",45.18,88.42,9.37,0.58,9.55,1.37,-0.25881904510252157,0.9659258262890681,0.8660254037844386,0.5000000000000001,0.8115390590073611,0.5842981736283684,0,16.6870449,74.2505872,124.321608040201
2025-02-24 23:15:00+00:00,"Shivaji University, Kolhapur - MPCB",44.51,86.2,9.31,0.53,8.67,1.21,-0.25881904510252157,0.9659258262890681,0.8660254037844386,0.5000000000000001,0.8115390590073611,0.5842981736283684,0,16.6870449,74.2505872,122.63819095477386
2025-02-24 23:30:00+00:00,"Shivaji University, Kolhapur - MPCB",43.06,81.36,9.42,0.51,9.47,1.62,-0.25881904510252157,0.9659258262890681,0.8660254037844386,0.5000000000000001,0.8115390590073611,0.5842981736283684,0,16.6870449,74.2505872,118.99497487437186
2025-02-24 23:45:00+00:00,"Shivaji University, Kolhapur - MPCB",43.06,81.36,9.52,0.54,10.9,0.98,-0.25881904510252157,0.9659258262890681,0.8660254037844386,0.5000000000000001,0.8115390590073611,0.5842981736283684,0,16.6870449,74.2505872,118.99497487437186
2025-02-25 00:00:00+00:00,"Shivaji University, Kolhapur - MPCB",43.06,81.36,9.45,0.58,11.37,2.08,0.0,1.0,0.8660254037844386,0.5000000000000001,0.8214765533024142,0.5702422926917871,0,16.6870449,74.2505872,118.99497487437186
2025-02-25 00:15:00+00:00,"Shivaji University, Kolhapur - MPCB",43.26,77.45,9.33,0.63,11.45,2.92,0.0,1.0,0.8660254037844386,0.5000000000000001,0.8214765533024142,0.5702422926917871,0,16.6870449,74.2505872,119.49748743718592
2025-02-25 00:30:00+00:00,"Shivaji University, Kolhapur - MPCB",43.71,68.79,9.32,0.69,9.71,2.77,0.0,1.0,0.8660254037844386,0.5000000000000001,0.8214765533024142,0.5702422926917871,0,16.6870449,74.2505872,120.62814070351759
2025-02-25 00:45:00+00:00,"Shivaji University, Kolhapur - MPCB",43.71,68.79,9.27,0.85,9.06,3.76,0.0,1.0,0.8660254037844386,0.5000000000000001,0.8214765533024142,0.5702422926917871,0,16.6870449,74.2505872,120.62814070351759
2025-02-25 01:00:00+00:00,"Shivaji University, Kolhapur - MPCB",45.1,77.06,9.25,0.94,9.57,4.59,0.25881904510252074,0.9659258262890683,0.8660254037844386,0.5000000000000001,0.8214765533024142,0.5702422926917871,0,16.6870449,74.2505872,124.12060301507537
2025-02-25 01:15:00+00:00,"Shivaji University, Kolhapur - MPCB",48.17,95.39,9.37,0.91,8.72,4.72,0.25881904510252074,0.9659258262890683,0.8660254037844386,0.5000000000000001,0.8214765533024142,0.5702422926917871,0,16.6870449,74.2505872,131.83417085427135
2025-02-25 01:30:00+00:00,"Shivaji University, Kolhapur - MPCB",48.17,95.39,9.58,0.89,7.33,5.33,0.25881904510252074,0.9659258262890683,0.8660254037844386,0.5000000000000001,0.8214765533024142,0.5702422926917871,0,16.6870449,74.2505872,131.83417085427135
2025-02-25 01:45:00+00:00,"Shivaji University, Kolhapur - MPCB",48.17,95.39,9.71,0.88,6.01,5.17,0.25881904510252074,0.9659258262890683,0.8660254037844386,0.5000000000000001,0.8214765533024142,0.5702422926917871,0,16.6870449,74.2505872,131.83417085427135
2025-02-25 02:00:00+00:00,"Shivaji University, Kolhapur - MPCB",50.63,102.93,10.08,0.79,6.19,6.79,0.49999999999999994,0.8660254037844387,0.8660254037844386,0.5000000000000001,0.8214765533024142,0.5702422926917871,0,16.6870449,74.2505872,138.01507537688443
2025-02-25 02:15:00+00:00,"Shivaji University, Kolhapur - MPCB",56.07,119.62,10.39,0.77,13.2,10.65,0.49999999999999994,0.8660254037844387,0.8660254037844386,0.5000000000000001,0.8214765533024142,0.5702422926917871,0,16.6870449,74.2505872,151.33
2025-02-25 02:30:00+00:00,"Shivaji University, Kolhapur - MPCB",56.07,119.62,10.52,0.59,19.93,12.61,0.49999999999999994,0.8660254037844387,0.8660254037844386,0.5000000000000001,0.8214765533024142,0.5702422926917871,0,16.6870449,74.2505872,151.33
2025-02-25 02:45:00+00:00,"Shivaji University, Kolhapur - MPCB",56.07,119.62,10.77,0.59,19.93,12.61,0.49999999999999994,0.8660254037844387,0.8660254037844386,0.5000000000000001,0.8214765533024142,0.5702422926917871,0,16.6870449,74.2505872,151.33
2025-02-25 03:00:00+00:00,"Shivaji University, Kolhapur - MPCB",56.07,119.62,10.82,0.57,29.36,14.46,0.7071067811865476,0.7071067811865476,0.8660254037844386,0.5000000000000001,0.8214765533024142,0.5702422926917871,0,16.6870449,74.2505872,151.33
2025-02-25 03:30:00+00:00,"Shivaji University, Kolhapur - MPCB",61.89,116.19,11.11,0.47,39.87,24.64,0.7071067811865476,0.7071067811865476,0.8660254037844386,0.5000000000000001,0.8214765533024142,0.5702422926917871,0,16.6870449,74.2505872,164.91
2025-02-25 03:45:00+00:00,"Shivaji University, Kolhapur - MPCB",61.89,116.19,11.17,0.47,39.87,22.32,0.7071067811865476,0.7071067811865476,0.8660254037844386,0.5000000000000001,0.8214765533024142,0.5702422926917871,0,16.6870449,74.2505872,164.91
2025-02-25 04:00:00+00:00,"Shivaji University, Kolhapur - MPCB",61.89,116.19,11.23,0.44,42.74,22.32,0.8660254037844386,0.5000000000000001,0.8660254037844386,0.5000000000000001,0.8214765533024142,0.5702422926917871,0,16.6870449,74.2505872,164.91
2025-02-25 04:30:00+00:00,"Shivaji University, Kolhapur - MPCB",60.21,112.16,7.54,0.39,49.84,20.48,0.8660254037844386,0.5000000000000001,0.8660254037844386,0.5000000000000001,0.8214765533024142,0.5702422926917871,0,16.6870449,74.2505872,160.99
2025-02-25 04:45:00+00:00,"Shivaji University, Kolhapur - MPCB",60.21,112.16,4.73,0.33,53.05,9.32,0.8660254037844386,0.5000000000000001,0.8660254037844386,0.5000000000000001,0.8214765533024142,0.5702422926917871,0,16.6870449,74.2505872,160.99
2025-02-25 05:15:00+00:00,"Shivaji University, Kolhapur - MPCB",56.6,108.77,3.87,0.32,63.67,8.2,0.9659258262890683,0.25881904510252074,0.8660254037844386,0.5000000000000001,0.8214765533024142,0.5702422926917871,0,16.6870449,74.2505872,152.56666666666666
2025-02-25 05:30:00+00:00,"Shivaji University, Kolhapur - MPCB",49.13,102.11,3.92,0.29,69.77,6.06,0.9659258262890683,0.25881904510252074,0.8660254037844386,0.5000000000000001,0.8214765533024142,0.5702422926917871,0,16.6870449,74.2505872,134.2462311557789
2025-02-25 05:45:00+00:00,"Shivaji University, Kolhapur - MPCB",49.13,102.11,3.94,0.28,70.03,5.07,0.9659258262890683,0.25881904510252074,0.8660254037844386,0.5000000000000001,0.8214765533024142,0.5702422926917871,0,16.6870449,74.2505872,134.2462311557789
2025-02-25 06:15:00+00:00,"Shivaji University, Kolhapur - MPCB",48.74,97.44,3.64,0.24,72.76,5.42,1.0,6.123233995736766e-17,0.8660254037844386,0.5000000000000001,0.8214765533024142,0.5702422926917871,0,16.6870449,74.2505872,133.26633165829145
2025-02-25 06:45:00+00:00,"Shivaji University, Kolhapur - MPCB",47.96,88.11,3.68,0.22,78.72,7.23,1.0,6.123233995736766e-17,0.8660254037844386,0.5000000000000001,0.8214765533024142,0.5702422926917871,0,16.6870449,74.2505872,131.3065326633166
2025-02-25 07:00:00+00:00,"Shivaji University, Kolhapur - MPCB",46.54,85.11,3.36,0.23,83.87,6.21,0.9659258262890683,-0.25881904510252063,0.8660254037844386,0.5000000000000001,0.8214765533024142,0.5702422926917871,0,16.6870449,74.2505872,127.73869346733669
2025-02-25 07:15:00+00:00,"Shivaji University, Kolhapur - MPCB",43.46,78.56,3.41,0.19,80.95,5.35,0.9659258262890683,-0.25881904510252063,0.8660254037844386,0.5000000000000001,0.8214765533024142,0.5702422926917871,0,16.6870449,74.2505872,120.0
2025-02-25 07:30:00+00:00,"Shivaji University, Kolhapur - MPCB",43.46,78.56,3.16,0.18,81.93,4.02,0.9659258262890683,-0.25881904510252063,0.8660254037844386,0.5000000000000001,0.8214765533024142,0.5702422926917871,0,16.6870449,74.2505872,120.0
2025-02-25 07:45:00+00:00,"Shivaji University, Kolhapur - MPCB",43.46,78.56,3.22,0.18,81.93,4.43,0.9659258262890683,-0.25881904510252063,0.8660254037844386,0.5000000000000001,0.8214765533024142,0.5702422926917871,0,16.6870449,74.2505872,120.0
2025-02-25 08:00:00+00:00,"Shivaji University, Kolhapur - MPCB",43.46,78.56,3.75,0.21,81.67,3.93,0.8660254037844387,-0.4999999999999998,0.8660254037844386,0.5000000000000001,0.8214765533024142,0.5702422926917871,0,16.6870449,74.2505872,120.0
2025-02-25 08:15:00+00:00,"Shivaji University, Kolhapur - MPCB",40.05,76.68,3.47,0.2,80.2,5.43,0.8660254037844387,-0.4999999999999998,0.8660254037844386,0.5000000000000001,0.8214765533024142,0.5702422926917871,0,16.6870449,74.2505872,111.4321608040201
2025-02-25 08:30:00+00:00,"Shivaji University, Kolhapur - MPCB",33.35,73.0,3.6,0.19,84.91,5.7,0.8660254037844387,-0.4999999999999998,0.8660254037844386,0.5000000000000001,0.8214765533024142,0.5702422926917871,0,16.6870449,74.2505872,95.60085836909872
2025-02-25 08:45:00+00:00,"Shivaji University, Kolhapur - MPCB",33.35,73.0,3.41,0.2,87.06,5.52,0.8660254037844387,-0.4999999999999998,0.8660254037844386,0.5000000000000001,0.8214765533024142,0.5702422926917871,0,16.6870449,74.2505872,95.60085836909872
2025-02-25 09:00:00+00:00,"Shivaji University, Kolhapur - MPCB",33.35,73.0,3.26,0.21,87.06,5.95,0.7071067811865476,-0.7071067811865475,0.8660254037844386,0.5000000000000001,0.8214765533024142,0.5702422926917871,0,16.6870449,74.2505872,95.60085836909872
2025-02-25 09:15:00+00:00,"Shivaji University, Kolhapur - MPCB",31.25,70.9,3.38,0.21,92.37,6.13,0.7071067811865476,-0.7071067811865475,0.8660254037844386,0.5000000000000001,0.8214765533024142,0.5702422926917871,0,16.6870449,74.2505872,91.09442060085837
2025-02-25 09:30:00+00:00,"Shivaji University, Kolhapur - MPCB",26.59,66.24,3.38,0.2,96.12,6.13,0.7071067811865476,-0.7071067811865475,0.8660254037844386,0.5000000000000001,0.8214765533024142,0.5702422926917871,0,16.6870449,74.2505872,81.09442060085837
2025-02-25 09:45:00+00:00,"Shivaji University, Kolhapur - MPCB",26.59,66.24,2.84,0.18,97.44,7.08,0.7071067811865476,-0.7071067811865475,0.8660254037844386,0.5000000000000001,0.8214765533024142,0.5702422926917871,0,16.6870449,74.2505872,81.09442060085837
2025-02-25 11:30:00+00:00,"Shivaji University, Kolhapur - MPCB",23.0,62.02,3.07,0.18,102.45,7.86,0.258819045102521,-0.9659258262890682,0.8660254037844386,0.5000000000000001,0.8214765533024142,0.5702422926917871,0,16.6870449,74.2505872,73.39055793991417
2025-02-25 11:45:00+00:00,"Shivaji University, Kolhapur - MPCB",23.0,62.02,2.78,0.2,105.65,7.66,0.258819045102521,-0.9659258262890682,0.8660254037844386,0.5000000000000001,0.8214765533024142,0.5702422926917871,0,16.6870449,74.2505872,73.39055793991417
2025-02-25 12:00:00+00:00,"Shivaji University, Kolhapur - MPCB",24.22,61.55,2.46,0.18,106.22,8.12,1.2246467991473532e-16,-1.0,0.8660254037844386,0.5000000000000001,0.8214765533024142,0.5702422926917871,0,16.6870449,74.2505872,76.00858369098712
2025-02-25 12:15:00+00:00,"Shivaji University, Kolhapur - MPCB",26.94,60.58,2.92,0.2,98.93,7.95,1.2246467991473532e-16,-1.0,0.8660254037844386,0.5000000000000001,0.8214765533024142,0.5702422926917871,0,16.6870449,74.2505872,81.84549356223177
2025-02-25 12:30:00+00:00,"Shivaji University, Kolhapur - MPCB",26.94,60.58,3.8,0.25,81.41,1.82,1.2246467991473532e-16,-1.0,0.8660254037844386,0.5000000000000001,0.8214765533024142,0.5702422926917871,0,16.6870449,74.2505872,81.84549356223177
2025-02-25 12:45:00+00:00,"Shivaji University, Kolhapur - MPCB",26.94,60.58,7.29,0.36,67.21,5.4,1.2246467991473532e-16,-1.0,0.8660254037844386,0.5000000000000001,0.8214765533024142,0.5702422926917871,0,16.6870449,74.2505872,81.84549356223177
2025-02-25 13:30:00+00:00,"Shivaji University, Kolhapur - MPCB",26.43,66.07,14.69,0.54,26.62,5.4,-0.2588190451025208,-0.9659258262890683,0.8660254037844386,0.5000000000000001,0.8214765533024142,0.5702422926917871,0,16.6870449,74.2505872,80.7510729613734
2025-02-25 14:00:00+00:00,"Shivaji University, Kolhapur - MPCB",26.43,66.07,17.59,0.72,19.08,5.52,-0.4999999999999997,-0.8660254037844388,0.8660254037844386,0.5000000000000001,0.8214765533024142,0.5702422926917871,0,16.6870449,74.2505872,80.7510729613734
2025-02-25 14:15:00+00:00,"Shivaji University, Kolhapur - MPCB",28.95,74.12,17.8,0.72,18.14,5.34,-0.4999999999999997,-0.8660254037844388,0.8660254037844386,0.5000000000000001,0.8214765533024142,0.5702422926917871,0,16.6870449,74.2505872,86.1587982832618
2025-02-25 14:30:00+00:00,"Shivaji University, Kolhapur - MPCB",34.18,89.95,18.22,1.02,15.45,5.34,-0.4999999999999997,-0.8660254037844388,0.8660254037844386,0.5000000000000001,0.8214765533024142,0.5702422926917871,0,16.6870449,74.2505872,97.38197424892704
2025-02-25 14:45:00+00:00,"Shivaji University, Kolhapur - MPCB",34.18,89.95,15.54,0.86,12.38,5.0,-0.4999999999999997,-0.8660254037844388,0.8660254037844386,0.5000000000000001,0.8214765533024142,0.5702422926917871,0,16.6870449,74.2505872,97.38197424892704
2025-02-25 15:45:00+00:00,"Shivaji University, Kolhapur - MPCB",40.02,98.65,10.29,0.65,32.09,7.39,-0.7071067811865471,-0.7071067811865479,0.8660254037844386,0.5000000000000001,0.8214765533024142,0.5702422926917871,0,16.6870449,74.2505872,111.356783919598
2025-02-25 16:15:00+00:00,"Shivaji University, Kolhapur - MPCB",43.07,99.34,10.37,0.66,27.63,6.15,-0.8660254037844385,-0.5000000000000004,0.8660254037844386,0.5000000000000001,0.8214765533024142,0.5702422926917871,0,16.6870449,74.2505872,119.02010050251256
2025-02-25 16:30:00+00:00,"Shivaji University, Kolhapur - MPCB",49.04,100.64,10.1,0.69,25.84,4.97,-0.8660254037844385,-0.5000000000000004,0.8660254037844386,0.5000000000000001,0.8214765533024142,0.5702422926917871,0,16.6870449,74.2505872,134.02010050251255
2025-02-25 16:45:00+00:00,"Shivaji University, Kolhapur - MPCB",49.04,100.64,10.29,0.685,22.955,4.775,-0.8660254037844385,-0.5000000000000004,0.8660254037844386,0.5000000000000001,0.8214765533024142,0.5702422926917871,0,16.6870449,74.2505872,134.02010050251255
2025-02-25 17:00:00+00:00,"Shivaji University, Kolhapur - MPCB",49.04,100.64,10.48,0.68,20.07,4.58,-0.9659258262890683,-0.25881904510252063,0.8660254037844386,0.5000000000000001,0.8214765533024142,0.5702422926917871,0,16.6870449,74.2505872,134.02010050251255
2025-02-25 17:30:00+00:00,"Shivaji University, Kolhapur - MPCB",51.7,106.77,11.69,0.7,16.0,4.4,-0.9659258262890683,-0.25881904510252063,0.8660254037844386,0.5000000000000001,0.8214765533024142,0.5702422926917871,0,16.6870449,74.2505872,140.7035175879397
2025-02-25 17:45:00+00:00,"Shivaji University, Kolhapur - MPCB",51.7,106.77,13.42,0.7,9.29,3.72,-0.9659258262890683,-0.25881904510252063,0.8660254037844386,0.5000000000000001,0.8214765533024142,0.5702422926917871,0,16.6870449,74.2505872,140.7035175879397
2025-02-25 18:00:00+00:00,"Shivaji University, Kolhapur - MPCB",53.17,110.02,11.69,0.65,14.93,3.55,-1.0,-1.8369701987210297e-16,0.8660254037844386,0.5000000000000001,0.8214765533024142,0.5702422926917871,0,16.6870449,74.2505872,144.39698492462313
2025-02-25 18:15:00+00:00,"Shivaji University, Kolhapur - MPCB",56.42,116.86,11.11,0.68,12.32,3.8,-1.0,-1.8369701987210297e-16,0.8660254037844386,0.5000000000000001,0.8214765533024142,0.5702422926917871,0,16.6870449,74.2505872,152.14666666666668
2025-02-25 19:15:00+00:00,"Shivaji University, Kolhapur - MPCB",54.6,117.97,11.21,0.71,6.51,2.78,-0.9659258262890684,0.2588190451025203,0.8660254037844386,0.5000000000000001,0.8214765533024142,0.5702422926917871,0,16.6870449,74.2505872,147.98994974874373
2025-02-25 19:30:00+00:00,"Shivaji University, Kolhapur - MPCB",54.6,117.97,10.41,0.73,8.32,2.7,-0.9659258262890684,0.2588190451025203,0.8660254037844386,0.5000000000000001,0.8214765533024142,0.5702422926917871,0,16.6870449,74.2505872,147.98994974874373
2025-02-25 19:45:00+00:00,"Shivaji University, Kolhapur - MPCB",54.6,117.97,9.57,0.68,10.14,2.26,-0.9659258262890684,0.2588190451025203,0.8660254037844386,0.5000000000000001,0.8214765533024142,0.5702422926917871,0,16.6870449,74.2505872,147.98994974874373
2025-02-25 20:00:00+00:00,"Shivaji University, Kolhapur - MPCB",56.35,117.46,7.96,0.68,14.5,3.07,-0.8660254037844386,0.5000000000000001,0.8660254037844386,0.5000000000000001,0.8214765533024142,0.5702422926917871,0,16.6870449,74.2505872,151.98333333333335
2025-02-25 20:15:00+00:00,"Shivaji University, Kolhapur - MPCB",60.23,116.36,7.93,0.67,13.11,3.16,-0.8660254037844386,0.5000000000000001,0.8660254037844386,0.5000000000000001,0.8214765533024142,0.5702422926917871,0,16.6870449,74.2505872,161.03666666666666
2025-02-25 20:30:00+00:00,"Shivaji University, Kolhapur - MPCB",60.23,116.36,8.5,0.67,10.48,2.84,-0.8660254037844386,0.5000000000000001,0.8660254037844386,0.5000000000000001,0.8214765533024142,0.5702422926917871,0,16.6870449,74.2505872,161.03666666666666
2025-02-25 20:45:00+00:00,"Shivaji University, Kolhapur - MPCB",60.23,116.36,9.18,0.64,17.29,4.45,-0.8660254037844386,0.5000000000000001,0.8660254037844386,0.5000000000000001,0.8214765533024142,0.5702422926917871,0,16.6870449,74.2505872,161.03666666666666
2025-02-25 21:00:00+00:00,"Shivaji University, Kolhapur - MPCB",60.29,114.57,7.98,0.61,15.91,3.57,-0.7071067811865477,0.7071067811865474,0.8660254037844386,0.5000000000000001,0.8214765533024142,0.5702422926917871,0,16.6870449,74.2505872,161.17666666666668
2025-02-25 21:15:00+00:00,"Shivaji University, Kolhapur - MPCB",60.42,110.6,7.06,0.55,18.99,3.46,-0.7071067811865477,0.7071067811865474,0.8660254037844386,0.5000000000000001,0.8214765533024142,0.5702422926917871,0,16.6870449,74.2505872,161.48000000000002
2025-02-25 21:30:00+00:00,"Shivaji University, Kolhapur - MPCB",60.42,110.6,6.32,0.52,21.39,3.1,-0.7071067811865477,0.7071067811865474,0.8660254037844386,0.5000000000000001,0.8214765533024142,0.5702422926917871,0,16.6870449,74.2505872,161.48000000000002
2025-02-25 21:45:00+00:00,"Shivaji University, Kolhapur - MPCB",60.42,110.6,5.77,0.51,23.23,3.3,-0.7071067811865477,0.7071067811865474,0.8660254037844386,0.5000000000000001,0.8214765533024142,0.5702422926917871,0,16.6870449,74.2505872,161.48000000000002
2025-02-25 22:00:00+00:00,"Shivaji University, Kolhapur - MPCB",59.26,108.42,6.04,0.54,22.92,4.59,-0.5000000000000004,0.8660254037844384,0.8660254037844386,0.5000000000000001,0.8214765533024142,0.5702422926917871,0,16.6870449,74.2505872,158.77333333333334
2025-02-25 22:15:00+00:00,"Shivaji University, Kolhapur - MPCB",56.69,103.58,7.31,0.56,20.81,5.46,-0.5000000000000004,0.8660254037844384,0.8660254037844386,0.5000000000000001,0.8214765533024142,0.5702422926917871,0,16.6870449,74.2505872,152.77666666666667
2025-02-25 22:30:00+00:00,"Shivaji University, Kolhapur - MPCB",56.69,103.58,7.92,0.6,14.43,4.63,-0.5000000000000004,0.8660254037844384,0.8660254037844386,0.5000000000000001,0.8214765533024142,0.5702422926917871,0,16.6870449,74.2505872,152.77666666666667
2025-02-25 22:45:00+00:00,"Shivaji University, Kolhapur - MPCB",56.69,103.58,8.51,0.65,9.01,3.18,-0.5000000000000004,0.8660254037844384,0.8660254037844386,0.5000000000000001,0.8214765533024142,0.5702422926917871,0,16.6870449,74.2505872,152.77666666666667
2025-02-25 23:00:00+00:00,"Shivaji University, Kolhapur - MPCB",56.12,103.64,8.4,0.67,8.13,2.68,-0.25881904510252157,0.9659258262890681,0.8660254037844386,0.5000000000000001,0.8214765533024142,0.5702422926917871,0,16.6870449,74.2505872,151.44666666666666
2025-02-25 23:15:00+00:00,"Shivaji University, Kolhapur - MPCB",54.87,103.79,8.2,0.65,9.41,2.36,-0.25881904510252157,0.9659258262890681,0.8660254037844386,0.5000000000000001,0.8214765533024142,0.5702422926917871,0,16.6870449,74.2505872,148.6683417085427
2025-02-25 23:30:00+00:00,"Shivaji University, Kolhapur - MPCB",54.87,103.79,9.65,0.66,6.9,2.12,-0.25881904510252157,0.9659258262890681,0.8660254037844386,0.5000000000000001,0.8214765533024142,0.5702422926917871,0,16.6870449,74.2505872,148.6683417085427
2025-02-25 23:45:00+00:00,"Shivaji University, Kolhapur - MPCB",54.87,103.79,9.24,0.63,8.04,2.24,-0.25881904510252157,0.9659258262890681,0.8660254037844386,0.5000000000000001,0.8214765533024142,0.5702422926917871,0,16.6870449,74.2505872,148.6683417085427
2025-02-26 00:00:00+00:00,"Shivaji University, Kolhapur - MPCB",54.87,103.79,8.96,0.63,8.04,1.97,0.0,1.0,0.8660254037844386,0.5000000000000001,0.8311706263658079,0.5560174366570446,0,16.6870449,74.2505872,148.6683417085427
2025-02-26 00:15:00+00:00,"Shivaji University, Kolhapur - MPCB",54.56,105.06,8.72,0.67,7.06,1.55,0.0,1.0,0.8660254037844386,0.5000000000000001,0.8311706263658079,0.5560174366570446,0,16.6870449,74.2505872,147.8894472361809
2025-02-26 00:30:00+00:00,"Shivaji University, Kolhapur - MPCB",54.56,105.06,9.11,0.82,6.69,1.64,0.0,1.0,0.8660254037844386,0.5000000000000001,0.8311706263658079,0.5560174366570446,0,16.6870449,74.2505872,147.8894472361809
2025-02-26 00:45:00+00:00,"Shivaji University, Kolhapur - MPCB",54.56,105.06,9.8,0.88,6.69,1.68,0.0,1.0,0.8660254037844386,0.5000000000000001,0.8311706263658079,0.5560174366570446,0,16.6870449,74.2505872,147.8894472361809
2025-02-26 01:00:00+00:00,"Shivaji University, Kolhapur - MPCB",54.56,105.06,7.43,0.89,3.73,2.23,0.25881904510252074,0.9659258262890683,0.8660254037844386,0.5000000000000001,0.8311706263658079,0.5560174366570446,0,16.6870449,74.2505872,147.8894472361809
2025-02-26 01:15:00+00:00,"Shivaji University, Kolhapur - MPCB",55.66,104.45,8.3,0.89,2.3,1.8,0.25881904510252074,0.9659258262890683,0.8660254037844386,0.5000000000000001,0.8311706263658079,0.5560174366570446,0,16.6870449,74.2505872,150.37333333333333
2025-02-26 01:30:00+00:00,"Shivaji University, Kolhapur - MPCB",58.05,103.11,10.27,0.87,1.48,1.67,0.25881904510252074,0.9659258262890683,0.8660254037844386,0.5000000000000001,0.8311706263658079,0.5560174366570446,0,16.6870449,74.2505872,155.95
2025-02-26 01:45:00+00:00,"Shivaji University, Kolhapur - MPCB",58.05,103.11,10.03,0.84,4.74,2.45,0.25881904510252074,0.9659258262890683,0.8660254037844386,0.5000000000000001,0.8311706263658079,0.5560174366570446,0,16.6870449,74.2505872,155.95
2025-02-26 02:00:00+00:00,"Shivaji University, Kolhapur - MPCB",58.66,107.1,9.27,0.79,14.36,5.42,0.49999999999999994,0.8660254037844387,0.8660254037844386,0.5000000000000001,0.8311706263658079,0.5560174366570446,0,16.6870449,74.2505872,157.37333333333333
2025-02-26 02:15:00+00:00,"Shivaji University, Kolhapur - MPCB",58.66,107.1,8.15,0.79,14.36,5.42,0.49999999999999994,0.8660254037844387,0.8660254037844386,0.5000000000000001,0.8311706263658079,0.5560174366570446,0,16.6870449,74.2505872,157.37333333333333
2025-02-26 02:30:00+00:00,"Shivaji University, Kolhapur - MPCB",59.97,115.64,7.56,0.78,23.07,7.22,0.49999999999999994,0.8660254037844387,0.8660254037844386,0.5000000000000001,0.8311706263658079,0.5560174366570446,0,16.6870449,74.2505872,160.43
2025-02-26 02:45:00+00:00,"Shivaji University, Kolhapur - MPCB",59.97,115.64,7.6,0.61,28.84,12.02,0.49999999999999994,0.8660254037844387,0.8660254037844386,0.5000000000000001,0.8311706263658079,0.5560174366570446,0,16.6870449,74.2505872,160.43
2025-02-26 03:00:00+00:00,"Shivaji University, Kolhapur - MPCB",59.97,115.64,7.51,0.62,36.67,15.25,0.7071067811865476,0.7071067811865476,0.8660254037844386,0.5000000000000001,0.8311706263658079,0.5560174366570446,0,16.6870449,74.2505872,160.43
2025-02-26 03:15:00+00:00,"Shivaji University, Kolhapur - MPCB",60.33,109.85,7.44,0.55,42.25,15.25,0.7071067811865476,0.7071067811865476,0.8660254037844386,0.5000000000000001,0.8311706263658079,0.5560174366570446,0,16.6870449,74.2505872,161.26999999999998
2025-02-26 03:30:00+00:00,"Shivaji University, Kolhapur - MPCB",61.12,97.24,7.21,0.54,46.54,18.89,0.7071067811865476,0.7071067811865476,0.8660254037844386,0.5000000000000001,0.8311706263658079,0.5560174366570446,0,16.6870449,74.2505872,163.11333333333332
2025-02-26 03:45:00+00:00,"Shivaji University, Kolhapur - MPCB",61.12,97.24,7.03,0.5,50.99,20.13,0.7071067811865476,0.7071067811865476,0.8660254037844386,0.5000000000000001,0.8311706263658079,0.5560174366570446,0,16.6870449,74.2505872,163.11333333333332
2025-02-26 04:00:00+00:00,"Shivaji University, Kolhapur - MPCB",59.98,96.75,7.03,0.51,59.88,20.45,0.8660254037844386,0.5000000000000001,0.8660254037844386,0.5000000000000001,0.8311706263658079,0.5560174366570446,0,16.6870449,74.2505872,160.45333333333332
2025-02-26 04:15:00+00:00,"Shivaji University, Kolhapur - MPCB",57.54,95.71,6.75,0.48,62.41,20.31,0.8660254037844386,0.5000000000000001,0.8660254037844386,0.5000000000000001,0.8311706263658079,0.5560174366570446,0,16.6870449,74.2505872,154.76
2025-02-26 04:30:00+00:00,"Shivaji University, Kolhapur - MPCB",57.54,95.71,6.36,0.48,62.41,21.27,0.8660254037844386,0.5000000000000001,0.8660254037844386,0.5000000000000001,0.8311706263658079,0.5560174366570446,0,16.6870449,74.2505872,154.76
2025-02-26 04:45:00+00:00,"Shivaji University, Kolhapur - MPCB",57.54,95.71,5.87,0.41,68.46,17.86,0.8660254037844386,0.5000000000000001,0.8660254037844386,0.5000000000000001,0.8311706263658079,0.5560174366570446,0,16.6870449,74.2505872,154.76
2025-02-26 05:00:00+00:00,"Shivaji University, Kolhapur - MPCB",57.54,95.71,5.32,0.37,71.86,13.41,0.9659258262890683,0.25881904510252074,0.8660254037844386,0.5000000000000001,0.8311706263658079,0.5560174366570446,0,16.6870449,74.2505872,154.76
2025-02-26 05:15:00+00:00,"Shivaji University, Kolhapur - MPCB",55.05,77.62,4.65,0.25,64.74,8.46,0.9659258262890683,0.25881904510252074,0.8660254037844386,0.5000000000000001,0.8311706263658079,0.5560174366570446,0,16.6870449,74.2505872,149.12060301507537
2025-02-26 05:30:00+00:00,"Shivaji University, Kolhapur - MPCB",49.8,77.62,4.09,0.21,64.01,6.71,0.9659258262890683,0.25881904510252074,0.8660254037844386,0.5000000000000001,0.8311706263658079,0.5560174366570446,0,16.6870449,74.2505872,135.92964824120602
2025-02-26 06:00:00+00:00,"Shivaji University, Kolhapur - MPCB",48.79,84.89,3.79,0.17,74.74,5.51,1.0,6.123233995736766e-17,0.8660254037844386,0.5000000000000001,0.8311706263658079,0.5560174366570446,0,16.6870449,74.2505872,133.39195979899498
2025-02-26 06:15:00+00:00,"Shivaji University, Kolhapur - MPCB",48.79,84.89,3.79,0.18,74.74,6.95,1.0,6.123233995736766e-17,0.8660254037844386,0.5000000000000001,0.8311706263658079,0.5560174366570446,0,16.6870449,74.2505872,133.39195979899498
2025-02-26 06:30:00+00:00,"Shivaji University, Kolhapur - MPCB",46.56,100.98,3.91,0.27,81.49,6.44,1.0,6.123233995736766e-17,0.8660254037844386,0.5000000000000001,0.8311706263658079,0.5560174366570446,0,16.6870449,74.2505872,127.7889447236181
2025-02-26 06:45:00+00:00,"Shivaji University, Kolhapur - MPCB",46.56,100.98,3.98,0.29,85.96,7.96,1.0,6.123233995736766e-17,0.8660254037844386,0.5000000000000001,0.8311706263658079,0.5560174366570446,0,16.6870449,74.2505872,127.7889447236181
2025-02-26 07:00:00+00:00,"Shivaji University, Kolhapur - MPCB",46.56,100.98,4.08,0.29,85.96,8.49,0.9659258262890683,-0.25881904510252063,0.8660254037844386,0.5000000000000001,0.8311706263658079,0.5560174366570446,0,16.6870449,74.2505872,127.7889447236181
2025-02-26 07:15:00+00:00,"Shivaji University, Kolhapur - MPCB",45.23,99.64,3.77,0.3,95.24,9.3,0.9659258262890683,-0.25881904510252063,0.8660254037844386,0.5000000000000001,0.8311706263658079,0.5560174366570446,0,16.6870449,74.2505872,124.44723618090453
2025-02-26 07:30:00+00:00,"Shivaji University, Kolhapur - MPCB",42.26,96.69,3.36,0.3,95.24,7.28,0.9659258262890683,-0.25881904510252063,0.8660254037844386,0.5000000000000001,0.8311706263658079,0.5560174366570446,0,16.6870449,74.2505872,116.98492462311557
2025-02-26 07:45:00+00:00,"Shivaji University, Kolhapur - MPCB",42.26,96.69,3.22,0.28,93.85,6.08,0.9659258262890683,-0.25881904510252063,0.8660254037844386,0.5000000000000001,0.8311706263658079,0.5560174366570446,0,16.6870449,74.2505872,116.98492462311557
2025-02-26 08:00:00+00:00,"Shivaji University, Kolhapur - MPCB",41.83,96.28,3.24,0.28,91.7,2.99,0.8660254037844387,-0.4999999999999998,0.8660254037844386,0.5000000000000001,0.8311706263658079,0.5560174366570446,0,16.6870449,74.2505872,115.90452261306532
2025-02-26 08:15:00+00:00,"Shivaji University, Kolhapur - MPCB",40.88,95.37,3.01,0.27,92.35,5.52,0.8660254037844387,-0.4999999999999998,0.8660254037844386,0.5000000000000001,0.8311706263658079,0.5560174366570446,0,16.6870449,74.2505872,113.5175879396985
2025-02-26 08:30:00+00:00,"Shivaji University, Kolhapur - MPCB",40.88,95.37,3.13,0.19,89.03,5.58,0.8660254037844387,-0.4999999999999998,0.8660254037844386,0.5000000000000001,0.8311706263658079,0.5560174366570446,0,16.6870449,74.2505872,113.5175879396985
2025-02-26 08:45:00+00:00,"Shivaji University, Kolhapur - MPCB",40.88,95.37,2.92,0.19,91.92,6.33,0.8660254037844387,-0.4999999999999998,0.8660254037844386,0.5000000000000001,0.8311706263658079,0.5560174366570446,0,16.6870449,74.2505872,113.5175879396985
2025-02-26 09:00:00+00:00,"Shivaji University, Kolhapur - MPCB",38.53,91.47,2.79,0.17,93.94,6.66,0.7071067811865476,-0.7071067811865475,0.8660254037844386,0.5000000000000001,0.8311706263658079,0.5560174366570446,0,16.6870449,74.2505872,107.61306532663318
2025-02-26 09:15:00+00:00,"Shivaji University, Kolhapur - MPCB",33.32,82.84,2.7,0.15,93.94,6.99,0.7071067811865476,-0.7071067811865475,0.8660254037844386,0.5000000000000001,0.8311706263658079,0.5560174366570446,0,16.6870449,74.2505872,95.53648068669528
2025-02-26 09:30:00+00:00,"Shivaji University, Kolhapur - MPCB",33.32,82.84,2.43,0.14,96.78,7.31,0.7071067811865476,-0.7071067811865475,0.8660254037844386,0.5000000000000001,0.8311706263658079,0.5560174366570446,0,16.6870449,74.2505872,95.53648068669528
2025-02-26 09:45:00+00:00,"Shivaji University, Kolhapur - MPCB",33.32,82.84,2.41,0.14,96.9,7.16,0.7071067811865476,-0.7071067811865475,0.8660254037844386,0.5000000000000001,0.8311706263658079,0.5560174366570446,0,16.6870449,74.2505872,95.53648068669528
2025-02-26 10:00:00+00:00,"Shivaji University, Kolhapur - MPCB",33.69,80.06,2.48,0.15,98.91,7.2,0.49999999999999994,-0.8660254037844387,0.8660254037844386,0.5000000000000001,0.8311706263658079,0.5560174366570446,0,16.6870449,74.2505872,96.3304721030043
2025-02-26 10:15:00+00:00,"Shivaji University, Kolhapur - MPCB",34.47,74.22,2.62,0.18,101.17,7.22,0.49999999999999994,-0.8660254037844387,0.8660254037844386,0.5000000000000001,0.8311706263658079,0.5560174366570446,0,16.6870449,74.2505872,98.00429184549355
2025-02-26 10:30:00+00:00,"Shivaji University, Kolhapur - MPCB",34.47,74.22,2.62,0.18,101.17,7.22,0.49999999999999994,-0.8660254037844387,0.8660254037844386,0.5000000000000001,0.8311706263658079,0.5560174366570446,0,16.6870449,74.2505872,98.00429184549355
2025-02-26 10:45:00+00:00,"Shivaji University, Kolhapur - MPCB",34.47,74.22,2.72,0.18,101.17,7.68,0.49999999999999994,-0.8660254037844387,0.8660254037844386,0.5000000000000001,0.8311706263658079,0.5560174366570446,0,16.6870449,74.2505872,98.00429184549355
2025-02-26 11:00:00+00:00,"Shivaji University, Kolhapur - MPCB",34.47,74.22,2.93,0.16,104.28,7.68,0.258819045102521,-0.9659258262890682,0.8660254037844386,0.5000000000000001,0.8311706263658079,0.5560174366570446,0,16.6870449,74.2505872,98.00429184549355
2025-02-26 11:15:00+00:00,"Shivaji University, Kolhapur - MPCB",33.19,74.35,2.95,0.18,104.72,7.63,0.258819045102521,-0.9659258262890682,0.8660254037844386,0.5000000000000001,0.8311706263658079,0.5560174366570446,0,16.6870449,74.2505872,95.25751072961373
2025-02-26 11:30:00+00:00,"Shivaji University, Kolhapur - MPCB",30.49,74.63,3.1,0.19,102.94,7.27,0.258819045102521,-0.9659258262890682,0.8660254037844386,0.5000000000000001,0.8311706263658079,0.5560174366570446,0,16.6870449,74.2505872,89.46351931330473
2025-02-26 11:45:00+00:00,"Shivaji University, Kolhapur - MPCB",30.49,74.63,3.43,0.19,104.24,7.14,0.258819045102521,-0.9659258262890682,0.8660254037844386,0.5000000000000001,0.8311706263658079,0.5560174366570446,0,16.6870449,74.2505872,89.46351931330473
2025-02-26 12:00:00+00:00,"Shivaji University, Kolhapur - MPCB",30.23,76.38,3.6,0.18,93.28,6.83,1.2246467991473532e-16,-1.0,0.8660254037844386,0.5000000000000001,0.8311706263658079,0.5560174366570446,0,16.6870449,74.2505872,88.90557939914164
2025-02-26 12:45:00+00:00,"Shivaji University, Kolhapur - MPCB",29.69,80.0,5.49,0.31,75.05,2.48,1.2246467991473532e-16,-1.0,0.8660254037844386,0.5000000000000001,0.8311706263658079,0.5560174366570446,0,16.6870449,74.2505872,87.74678111587984
2025-02-26 13:00:00+00:00,"Shivaji University, Kolhapur - MPCB",29.69,80.0,7.88,0.36,61.88,5.11,-0.2588190451025208,-0.9659258262890683,0.8660254037844386,0.5000000000000001,0.8311706263658079,0.5560174366570446,0,16.6870449,74.2505872,87.74678111587984
2025-02-26 13:30:00+00:00,"Shivaji University, Kolhapur - MPCB",35.03,88.28,9.23,0.6,31.95,4.87,-0.2588190451025208,-0.9659258262890683,0.8660254037844386,0.5000000000000001,0.8311706263658079,0.5560174366570446,0,16.6870449,74.2505872,99.20600858369099
2025-02-26 13:45:00+00:00,"Shivaji University, Kolhapur - MPCB",35.03,88.28,11.03,0.66,31.2,4.58,-0.2588190451025208,-0.9659258262890683,0.8660254037844386,0.5000000000000001,0.8311706263658079,0.5560174366570446,0,16.6870449,74.2505872,99.20600858369099
2025-02-26 14:30:00+00:00,"Shivaji University, Kolhapur - MPCB",39.97,96.77,11.13,0.57,18.16,4.56,-0.4999999999999997,-0.8660254037844388,0.8660254037844386,0.5000000000000001,0.8311706263658079,0.5560174366570446,0,16.6870449,74.2505872,111.23115577889448
2025-02-26 14:45:00+00:00,"Shivaji University, Kolhapur - MPCB",39.97,96.77,10.12,0.57,21.75,5.26,-0.4999999999999997,-0.8660254037844388,0.8660254037844386,0.5000000000000001,0.8311706263658079,0.5560174366570446,0,16.6870449,74.2505872,111.23115577889448
2025-02-26 15:00:00+00:00,"Shivaji University, Kolhapur - MPCB",40.41,99.22,9.95,0.65,30.01,6.48,-0.7071067811865471,-0.7071067811865479,0.8660254037844386,0.5000000000000001,0.8311706263658079,0.5560174366570446,0,16.6870449,74.2505872,112.33668341708542
2025-02-26 15:15:00+00:00,"Shivaji University, Kolhapur - MPCB",41.33,104.13,8.34,0.55,39.33,8.01,-0.7071067811865471,-0.7071067811865479,0.8660254037844386,0.5000000000000001,0.8311706263658079,0.5560174366570446,0,16.6870449,74.2505872,114.64824120603015
2025-02-26 16:00:00+00:00,"Shivaji University, Kolhapur - MPCB",41.33,104.13,9.37,0.6,30.72,5.77,-0.8660254037844385,-0.5000000000000004,0.8660254037844386,0.5000000000000001,0.8311706263658079,0.5560174366570446,0,16.6870449,74.2505872,114.64824120603015
2025-02-26 16:15:00+00:00,"Shivaji University, Kolhapur - MPCB",42.52,104.11,11.46,0.81,17.59,7.16,-0.8660254037844385,-0.5000000000000004,0.8660254037844386,0.5000000000000001,0.8311706263658079,0.5560174366570446,0,16.6870449,74.2505872,117.63819095477388
2025-02-26 16:30:00+00:00,"Shivaji University, Kolhapur - MPCB",44.48,104.11,13.51,0.88,11.74,9.81,-0.8660254037844385,-0.5000000000000004,0.8660254037844386,0.5000000000000001,0.8311706263658079,0.5560174366570446,0,16.6870449,74.2505872,122.56281407035175
2025-02-26 16:45:00+00:00,"Shivaji University, Kolhapur - MPCB",44.48,104.11,14.38,0.89,6.86,7.53,-0.8660254037844385,-0.5000000000000004,0.8660254037844386,0.5000000000000001,0.8311706263658079,0.5560174366570446,0,16.6870449,74.2505872,122.56281407035175
2025-02-26 17:00:00+00:00,"Shivaji University, Kolhapur - MPCB",44.48,104.11,14.18,0.89,6.86,7.3,-0.9659258262890683,-0.25881904510252063,0.8660254037844386,0.5000000000000001,0.8311706263658079,0.5560174366570446,0,16.6870449,74.2505872,122.56281407035175
2025-02-26 17:15:00+00:00,"Shivaji University, Kolhapur - MPCB",46.06,105.17,13.46,0.83,6.16,6.11,-0.9659258262890683,-0.25881904510252063,0.8660254037844386,0.5000000000000001,0.8311706263658079,0.5560174366570446,0,16.6870449,74.2505872,126.53266331658293
2025-02-26 17:30:00+00:00,"Shivaji University, Kolhapur - MPCB",49.37,107.4,12.0,0.71,9.62,5.52,-0.9659258262890683,-0.25881904510252063,0.8660254037844386,0.5000000000000001,0.8311706263658079,0.5560174366570446,0,16.6870449,74.2505872,134.84924623115577
2025-02-26 17:45:00+00:00,"Shivaji University, Kolhapur - MPCB",49.37,107.4,10.44,0.74,12.98,5.27,-0.9659258262890683,-0.25881904510252063,0.8660254037844386,0.5000000000000001,0.8311706263658079,0.5560174366570446,0,16.6870449,74.2505872,134.84924623115577
2025-02-26 18:00:00+00:00,"Shivaji University, Kolhapur - MPCB",49.37,107.4,9.06,0.74,15.47,5.27,-1.0,-1.8369701987210297e-16,0.8660254037844386,0.5000000000000001,0.8311706263658079,0.5560174366570446,0,16.6870449,74.2505872,134.84924623115577
2025-02-26 18:15:00+00:00,"Shivaji University, Kolhapur - MPCB",50.48,105.63,9.05,0.74,20.37,6.46,-1.0,-1.8369701987210297e-16,0.8660254037844386,0.5000000000000001,0.8311706263658079,0.5560174366570446,0,16.6870449,74.2505872,137.63819095477385
2025-02-26 19:15:00+00:00,"Shivaji University, Kolhapur - MPCB",54.56,95.44,7.86,0.61,21.63,6.23,-0.9659258262890684,0.2588190451025203,0.8660254037844386,0.5000000000000001,0.8311706263658079,0.5560174366570446,0,16.6870449,74.2505872,147.8894472361809
2025-02-26 19:30:00+00:00,"Shivaji University, Kolhapur - MPCB",54.56,95.44,6.64,0.64,26.08,7.81,-0.9659258262890684,0.2588190451025203,0.8660254037844386,0.5000000000000001,0.8311706263658079,0.5560174366570446,0,16.6870449,74.2505872,147.8894472361809
2025-02-26 19:45:00+00:00,"Shivaji University, Kolhapur - MPCB",54.56,95.44,6.14,0.64,26.17,7.44,-0.9659258262890684,0.2588190451025203,0.8660254037844386,0.5000000000000001,0.8311706263658079,0.5560174366570446,0,16.6870449,74.2505872,147.8894472361809
2025-02-26 20:00:00+00:00,"Shivaji University, Kolhapur - MPCB",53.49,94.89,5.51,0.61,27.1,6.62,-0.8660254037844386,0.5000000000000001,0.8660254037844386,0.5000000000000001,0.8311706263658079,0.5560174366570446,0,16.6870449,74.2505872,145.20100502512565
2025-02-26 20:15:00+00:00,"Shivaji University, Kolhapur - MPCB",51.13,93.68,5.07,0.56,26.05,4.99,-0.8660254037844386,0.5000000000000001,0.8660254037844386,0.5000000000000001,0.8311706263658079,0.5560174366570446,0,16.6870449,74.2505872,139.2713567839196
2025-02-26 20:30:00+00:00,"Shivaji University, Kolhapur - MPCB",51.13,93.68,4.83,0.51,24.87,4.45,-0.8660254037844386,0.5000000000000001,0.8660254037844386,0.5000000000000001,0.8311706263658079,0.5560174366570446,0,16.6870449,74.2505872,139.2713567839196
2025-02-26 20:45:00+00:00,"Shivaji University, Kolhapur - MPCB",51.13,93.68,4.88,0.52,24.06,3.82,-0.8660254037844386,0.5000000000000001,0.8660254037844386,0.5000000000000001,0.8311706263658079,0.5560174366570446,0,16.6870449,74.2505872,139.2713567839196
2025-02-26 21:15:00+00:00,"Shivaji University, Kolhapur - MPCB",51.54,91.33,5.16,0.53,23.42,4.24,-0.7071067811865477,0.7071067811865474,0.8660254037844386,0.5000000000000001,0.8311706263658079,0.5560174366570446,0,16.6870449,74.2505872,140.30150753768845
2025-02-26 21:30:00+00:00,"Shivaji University, Kolhapur - MPCB",52.52,85.8,4.9,0.52,26.88,4.82,-0.7071067811865477,0.7071067811865474,0.8660254037844386,0.5000000000000001,0.8311706263658079,0.5560174366570446,0,16.6870449,74.2505872,142.7638190954774
2025-02-26 21:45:00+00:00,"Shivaji University, Kolhapur - MPCB",52.52,85.8,4.79,0.52,28.75,4.3,-0.7071067811865477,0.7071067811865474,0.8660254037844386,0.5000000000000001,0.8311706263658079,0.5560174366570446,0,16.6870449,74.2505872,142.7638190954774
2025-02-26 22:00:00+00:00,"Shivaji University, Kolhapur - MPCB",52.52,85.8,4.72,0.5,28.75,4.15,-0.5000000000000004,0.8660254037844384,0.8660254037844386,0.5000000000000001,0.8311706263658079,0.5560174366570446,0,16.6870449,74.2505872,142.7638190954774
2025-02-26 22:15:00+00:00,"Shivaji University, Kolhapur - MPCB",51.7,83.02,4.13,0.5,27.17,4.27,-0.5000000000000004,0.8660254037844384,0.8660254037844386,0.5000000000000001,0.8311706263658079,0.5560174366570446,0,16.6870449,74.2505872,140.7035175879397
2025-02-26 22:30:00+00:00,"Shivaji University, Kolhapur - MPCB",49.88,76.86,3.58,0.37,31.85,4.75,-0.5000000000000004,0.8660254037844384,0.8660254037844386,0.5000000000000001,0.8311706263658079,0.5560174366570446,0,16.6870449,74.2505872,136.13065326633168
2025-02-26 22:45:00+00:00,"Shivaji University, Kolhapur - MPCB",49.88,76.86,3.55,0.36,33.09,4.81,-0.5000000000000004,0.8660254037844384,0.8660254037844386,0.5000000000000001,0.8311706263658079,0.5560174366570446,0,16.6870449,74.2505872,136.13065326633168
2025-02-26 23:00:00+00:00,"Shivaji University, Kolhapur - MPCB",49.88,76.86,3.59,0.36,34.07,4.81,-0.25881904510252157,0.9659258262890681,0.8660254037844386,0.5000000000000001,0.8311706263658079,0.5560174366570446,0,16.6870449,74.2505872,136.13065326633168
2025-02-26 23:15:00+00:00,"Shivaji University, Kolhapur - MPCB",47.45,73.78,3.38,0.34,34.31,5.72,-0.25881904510252157,0.9659258262890681,0.8660254037844386,0.5000000000000001,0.8311706263658079,0.5560174366570446,0,16.6870449,74.2505872,130.0251256281407
2025-02-26 23:30:00+00:00,"Shivaji University, Kolhapur - MPCB",42.17,67.07,3.42,0.32,35.18,4.78,-0.25881904510252157,0.9659258262890681,0.8660254037844386,0.5000000000000001,0.8311706263658079,0.5560174366570446,0,16.6870449,74.2505872,116.75879396984925
2025-02-26 23:45:00+00:00,"Shivaji University, Kolhapur - MPCB",42.17,67.07,3.44,0.28,36.62,5.4,-0.25881904510252157,0.9659258262890681,0.8660254037844386,0.5000000000000001,0.8311706263658079,0.5560174366570446,0,16.6870449,74.2505872,116.75879396984925
2025-02-27 00:00:00+00:00,"Shivaji University, Kolhapur - MPCB",42.17,67.07,3.65,0.28,37.96,5.4,0.0,1.0,0.8660254037844386,0.5000000000000001,0.8406184056344782,0.5416278206559814,0,16.6870449,74.2505872,116.75879396984925
2025-02-27 00:15:00+00:00,"Shivaji University, Kolhapur - MPCB",41.33,64.91,3.92,0.27,37.43,5.46,0.0,1.0,0.8660254037844386,0.5000000000000001,0.8406184056344782,0.5416278206559814,0,16.6870449,74.2505872,114.64824120603015
2025-02-27 00:30:00+00:00,"Shivaji University, Kolhapur - MPCB",39.54,60.28,4.22,0.29,36.03,5.88,0.0,1.0,0.8660254037844386,0.5000000000000001,0.8406184056344782,0.5416278206559814,0,16.6870449,74.2505872,110.15075376884423
2025-02-27 00:45:00+00:00,"Shivaji University, Kolhapur - MPCB",39.54,60.28,4.43,0.34,24.85,5.15,0.0,1.0,0.8660254037844386,0.5000000000000001,0.8406184056344782,0.5416278206559814,0,16.6870449,74.2505872,110.15075376884423
2025-02-27 01:00:00+00:00,"Shivaji University, Kolhapur - MPCB",38.94,60.37,5.43,0.37,21.5,4.65,0.25881904510252074,0.9659258262890683,0.8660254037844386,0.5000000000000001,0.8406184056344782,0.5416278206559814,0,16.6870449,74.2505872,108.643216080402
2025-02-27 01:15:00+00:00,"Shivaji University, Kolhapur - MPCB",37.62,60.56,4.91,0.35,30.21,5.88,0.25881904510252074,0.9659258262890683,0.8660254037844386,0.5000000000000001,0.8406184056344782,0.5416278206559814,0,16.6870449,74.2505872,105.32663316582914
2025-02-27 01:30:00+00:00,"Shivaji University, Kolhapur - MPCB",37.62,60.56,5.58,0.38,30.59,7.29,0.25881904510252074,0.9659258262890683,0.8660254037844386,0.5000000000000001,0.8406184056344782,0.5416278206559814,0,16.6870449,74.2505872,105.32663316582914
2025-02-27 01:45:00+00:00,"Shivaji University, Kolhapur - MPCB",37.62,60.56,6.39,0.43,28.89,8.5,0.25881904510252074,0.9659258262890683,0.8660254037844386,0.5000000000000001,0.8406184056344782,0.5416278206559814,0,16.6870449,74.2505872,105.32663316582914
2025-02-27 02:00:00+00:00,"Shivaji University, Kolhapur - MPCB",38.75,62.88,6.75,0.5,28.19,8.44,0.49999999999999994,0.8660254037844387,0.8660254037844386,0.5000000000000001,0.8406184056344782,0.5416278206559814,0,16.6870449,74.2505872,108.16582914572865
2025-02-27 02:15:00+00:00,"Shivaji University, Kolhapur - MPCB",41.25,68.02,6.57,0.47,30.65,7.87,0.49999999999999994,0.8660254037844387,0.8660254037844386,0.5000000000000001,0.8406184056344782,0.5416278206559814,0,16.6870449,74.2505872,114.44723618090453
2025-02-27 02:30:00+00:00,"Shivaji University, Kolhapur - MPCB",41.25,68.02,6.18,0.43,33.73,9.71,0.49999999999999994,0.8660254037844387,0.8660254037844386,0.5000000000000001,0.8406184056344782,0.5416278206559814,0,16.6870449,74.2505872,114.44723618090453
2025-02-27 02:45:00+00:00,"Shivaji University, Kolhapur - MPCB",41.25,68.02,6.33,0.49,37.45,12.09,0.49999999999999994,0.8660254037844387,0.8660254037844386,0.5000000000000001,0.8406184056344782,0.5416278206559814,0,16.6870449,74.2505872,114.44723618090453
2025-02-27 03:00:00+00:00,"Shivaji University, Kolhapur - MPCB",42.14,67.77,6.58,0.47,40.48,15.63,0.7071067811865476,0.7071067811865476,0.8660254037844386,0.5000000000000001,0.8406184056344782,0.5416278206559814,0,16.6870449,74.2505872,116.68341708542714
2025-02-27 03:15:00+00:00,"Shivaji University, Kolhapur - MPCB",44.11,67.19,6.83,0.49,42.63,15.51,0.7071067811865476,0.7071067811865476,0.8660254037844386,0.5000000000000001,0.8406184056344782,0.5416278206559814,0,16.6870449,74.2505872,121.63316582914572
2025-02-27 03:30:00+00:00,"Shivaji University, Kolhapur - MPCB",44.11,67.19,6.86,0.49,46.63,18.32,0.7071067811865476,0.7071067811865476,0.8660254037844386,0.5000000000000001,0.8406184056344782,0.5416278206559814,0,16.6870449,74.2505872,121.63316582914572
2025-02-27 03:45:00+00:00,"Shivaji University, Kolhapur - MPCB",44.11,67.19,6.33,0.48,54.5,19.05,0.7071067811865476,0.7071067811865476,0.8660254037844386,0.5000000000000001,0.8406184056344782,0.5416278206559814,0,16.6870449,74.2505872,121.63316582914572
2025-02-27 04:00:00+00:00,"Shivaji University, Kolhapur - MPCB",44.81,71.2,6.08,0.47,60.72,19.03,0.8660254037844386,0.5000000000000001,0.8660254037844386,0.5000000000000001,0.8406184056344782,0.5416278206559814,0,16.6870449,74.2505872,123.39195979899498
2025-02-27 04:15:00+00:00,"Shivaji University, Kolhapur - MPCB",46.36,80.07,5.97,0.44,67.1,21.22,0.8660254037844386,0.5000000000000001,0.8660254037844386,0.5000000000000001,0.8406184056344782,0.5416278206559814,0,16.6870449,74.2505872,127.28643216080403
2025-02-27 04:30:00+00:00,"Shivaji University, Kolhapur - MPCB",46.36,80.07,6.28,0.44,73.14,21.14,0.8660254037844386,0.5000000000000001,0.8660254037844386,0.5000000000000001,0.8406184056344782,0.5416278206559814,0,16.6870449,74.2505872,127.28643216080403
2025-02-27 04:45:00+00:00,"Shivaji University, Kolhapur - MPCB",46.36,80.07,5.89,0.44,79.04,19.96,0.8660254037844386,0.5000000000000001,0.8660254037844386,0.5000000000000001,0.8406184056344782,0.5416278206559814,0,16.6870449,74.2505872,127.28643216080403
2025-02-27 05:00:00+00:00,"Shivaji University, Kolhapur - MPCB",46.35,79.19,5.26,0.38,80.04,16.42,0.9659258262890683,0.25881904510252074,0.8660254037844386,0.5000000000000001,0.8406184056344782,0.5416278206559814,0,16.6870449,74.2505872,127.26130653266333
2025-02-27 05:15:00+00:00,"Shivaji University, Kolhapur - MPCB",46.32,77.22,4.53,0.33,79.89,12.87,0.9659258262890683,0.25881904510252074,0.8660254037844386,0.5000000000000001,0.8406184056344782,0.5416278206559814,0,16.6870449,74.2505872,127.18592964824121
2025-02-27 05:30:00+00:00,"Shivaji University, Kolhapur - MPCB",46.32,77.22,4.0,0.3,79.67,11.09,0.9659258262890683,0.25881904510252074,0.8660254037844386,0.5000000000000001,0.8406184056344782,0.5416278206559814,0,16.6870449,74.2505872,127.18592964824121
2025-02-27 05:45:00+00:00,"Shivaji University, Kolhapur - MPCB",46.32,77.22,3.77,0.29,82.02,9.65,0.9659258262890683,0.25881904510252074,0.8660254037844386,0.5000000000000001,0.8406184056344782,0.5416278206559814,0,16.6870449,74.2505872,127.18592964824121
2025-02-27 06:00:00+00:00,"Shivaji University, Kolhapur - MPCB",45.49,77.65,3.74,0.28,85.79,9.4,1.0,6.123233995736766e-17,0.8660254037844386,0.5000000000000001,0.8406184056344782,0.5416278206559814,0,16.6870449,74.2505872,125.10050251256283
2025-02-27 06:15:00+00:00,"Shivaji University, Kolhapur - MPCB",43.65,78.6,3.55,0.26,87.05,8.46,1.0,6.123233995736766e-17,0.8660254037844386,0.5000000000000001,0.8406184056344782,0.5416278206559814,0,16.6870449,74.2505872,120.47738693467336
2025-02-27 06:30:00+00:00,"Shivaji University, Kolhapur - MPCB",43.65,78.6,3.35,0.23,88.78,9.02,1.0,6.123233995736766e-17,0.8660254037844386,0.5000000000000001,0.8406184056344782,0.5416278206559814,0,16.6870449,74.2505872,120.47738693467336
2025-02-27 06:45:00+00:00,"Shivaji University, Kolhapur - MPCB",43.65,78.6,3.36,0.26,89.83,8.42,1.0,6.123233995736766e-17,0.8660254037844386,0.5000000000000001,0.8406184056344782,0.5416278206559814,0,16.6870449,74.2505872,120.47738693467336
2025-02-27 07:00:00+00:00,"Shivaji University, Kolhapur - MPCB",42.06,77.71,3.1,0.25,88.68,8.54,0.9659258262890683,-0.25881904510252063,0.8660254037844386,0.5000000000000001,0.8406184056344782,0.5416278206559814,0,16.6870449,74.2505872,116.48241206030151
2025-02-27 07:15:00+00:00,"Shivaji University, Kolhapur - MPCB",38.54,75.83,3.04,0.26,95.24,8.56,0.9659258262890683,-0.25881904510252063,0.8660254037844386,0.5000000000000001,0.8406184056344782,0.5416278206559814,0,16.6870449,74.2505872,107.63819095477386
2025-02-27 07:30:00+00:00,"Shivaji University, Kolhapur - MPCB",38.54,75.83,3.09,0.29,100.22,9.59,0.9659258262890683,-0.25881904510252063,0.8660254037844386,0.5000000000000001,0.8406184056344782,0.5416278206559814,0,16.6870449,74.2505872,107.63819095477386
2025-02-27 07:45:00+00:00,"Shivaji University, Kolhapur - MPCB",38.54,75.83,3.27,0.27,98.04,9.19,0.9659258262890683,-0.25881904510252063,0.8660254037844386,0.5000000000000001,0.8406184056344782,0.5416278206559814,0,16.6870449,74.2505872,107.63819095477386
2025-02-27 08:15:00+00:00,"Shivaji University, Kolhapur - MPCB",38.0,74.91,2.9,0.24,95.88,7.99,0.8660254037844387,-0.4999999999999998,0.8660254037844386,0.5000000000000001,0.8406184056344782,0.5416278206559814,0,16.6870449,74.2505872,106.28140703517587
2025-02-27 08:30:00+00:00,"Shivaji University, Kolhapur - MPCB",36.28,71.96,2.81,0.29,100.47,7.44,0.8660254037844387,-0.4999999999999998,0.8660254037844386,0.5000000000000001,0.8406184056344782,0.5416278206559814,0,16.6870449,74.2505872,101.95979899497488
2025-02-27 08:45:00+00:00,"Shivaji University, Kolhapur - MPCB",36.28,71.96,2.88,0.29,100.47,6.53,0.8660254037844387,-0.4999999999999998,0.8660254037844386,0.5000000000000001,0.8406184056344782,0.5416278206559814,0,16.6870449,74.2505872,101.95979899497488
2025-02-27 09:00:00+00:00,"Shivaji University, Kolhapur - MPCB",35.86,70.85,2.79,0.27,99.97,6.1,0.7071067811865476,-0.7071067811865475,0.8660254037844386,0.5000000000000001,0.8406184056344782,0.5416278206559814,0,16.6870449,74.2505872,100.90452261306532
2025-02-27 09:15:00+00:00,"Shivaji University, Kolhapur - MPCB",35.86,70.85,2.77,0.27,99.97,6.2,0.7071067811865476,-0.7071067811865475,0.8660254037844386,0.5000000000000001,0.8406184056344782,0.5416278206559814,0,16.6870449,74.2505872,100.90452261306532
2025-02-27 09:30:00+00:00,"Shivaji University, Kolhapur - MPCB",34.94,68.45,2.53,0.28,99.24,5.35,0.7071067811865476,-0.7071067811865475,0.8660254037844386,0.5000000000000001,0.8406184056344782,0.5416278206559814,0,16.6870449,74.2505872,99.01287553648069
2025-02-27 09:45:00+00:00,"Shivaji University, Kolhapur - MPCB",34.94,68.45,2.56,0.24,90.2,4.75,0.7071067811865476,-0.7071067811865475,0.8660254037844386,0.5000000000000001,0.8406184056344782,0.5416278206559814,0,16.6870449,74.2505872,99.01287553648069
2025-02-27 10:30:00+00:00,"Shivaji University, Kolhapur - MPCB",34.97,67.24,2.48,0.25,89.78,5.0,0.49999999999999994,-0.8660254037844387,0.8660254037844386,0.5000000000000001,0.8406184056344782,0.5416278206559814,0,16.6870449,74.2505872,99.07725321888412
2025-02-27 11:00:00+00:00,"Shivaji University, Kolhapur - MPCB",35.09,60.98,2.68,0.2,96.63,5.51,0.258819045102521,-0.9659258262890682,0.8660254037844386,0.5000000000000001,0.8406184056344782,0.5416278206559814,0,16.6870449,74.2505872,99.33476394849787
2025-02-27 11:45:00+00:00,"Shivaji University, Kolhapur - MPCB",31.48,67.29,2.55,0.2,97.0,5.51,0.258819045102521,-0.9659258262890682,0.8660254037844386,0.5000000000000001,0.8406184056344782,0.5416278206559814,0,16.6870449,74.2505872,91.58798283261804
2025-02-27 12:00:00+00:00,"Shivaji University, Kolhapur - MPCB",31.48,67.29,2.63,0.18,95.7,6.45,1.2246467991473532e-16,-1.0,0.8660254037844386,0.5000000000000001,0.8406184056344782,0.5416278206559814,0,16.6870449,74.2505872,91.58798283261804
2025-02-27 12:15:00+00:00,"Shivaji University, Kolhapur - MPCB",30.37,70.88,2.61,0.19,90.95,5.21,1.2246467991473532e-16,-1.0,0.8660254037844386,0.5000000000000001,0.8406184056344782,0.5416278206559814,0,16.6870449,74.2505872,89.206008583691
2025-02-27 12:30:00+00:00,"Shivaji University, Kolhapur - MPCB",30.37,70.88,3.12,0.23,67.89,2.4,1.2246467991473532e-16,-1.0,0.8660254037844386,0.5000000000000001,0.8406184056344782,0.5416278206559814,0,16.6870449,74.2505872,89.206008583691
2025-02-27 12:45:00+00:00,"Shivaji University, Kolhapur - MPCB",30.37,70.88,3.86,0.29,77.49,4.83,1.2246467991473532e-16,-1.0,0.8660254037844386,0.5000000000000001,0.8406184056344782,0.5416278206559814,0,16.6870449,74.2505872,89.206008583691
2025-02-27 13:00:00+00:00,"Shivaji University, Kolhapur - MPCB",30.71,72.78,4.36,0.33,71.36,5.08,-0.2588190451025208,-0.9659258262890683,0.8660254037844386,0.5000000000000001,0.8406184056344782,0.5416278206559814,0,16.6870449,74.2505872,89.93562231759657
2025-02-27 13:15:00+00:00,"Shivaji University, Kolhapur - MPCB",30.71,72.78,4.18,0.33,71.36,3.98,-0.2588190451025208,-0.9659258262890683,0.8660254037844386,0.5000000000000001,0.8406184056344782,0.5416278206559814,0,16.6870449,74.2505872,89.93562231759657
2025-02-27 13:30:00+00:00,"Shivaji University, Kolhapur - MPCB",32.32,82.56,4.89,0.44,57.22,4.51,-0.2588190451025208,-0.9659258262890683,0.8660254037844386,0.5000000000000001,0.8406184056344782,0.5416278206559814,0,16.6870449,74.2505872,93.39055793991417
2025-02-27 13:45:00+00:00,"Shivaji University, Kolhapur - MPCB",32.32,82.56,6.05,0.47,47.01,8.96,-0.2588190451025208,-0.9659258262890683,0.8660254037844386,0.5000000000000001,0.8406184056344782,0.5416278206559814,0,16.6870449,74.2505872,93.39055793991417
2025-02-27 14:00:00+00:00,"Shivaji University, Kolhapur - MPCB",32.32,82.56,6.47,0.47,44.87,13.43,-0.4999999999999997,-0.8660254037844388,0.8660254037844386,0.5000000000000001,0.8406184056344782,0.5416278206559814,0,16.6870449,74.2505872,93.39055793991417
2025-02-27 16:15:00+00:00,"Shivaji University, Kolhapur - MPCB",40.25,101.53,8.29,0.93,21.62,5.0,-0.8660254037844385,-0.5000000000000004,0.8660254037844386,0.5000000000000001,0.8406184056344782,0.5416278206559814,0,16.6870449,74.2505872,111.93467336683418
2025-02-27 17:15:00+00:00,"Shivaji University, Kolhapur - MPCB",42.29,104.81,4.35,0.38,35.03,3.23,-0.9659258262890683,-0.25881904510252063,0.8660254037844386,0.5000000000000001,0.8406184056344782,0.5416278206559814,0,16.6870449,74.2505872,117.06030150753769
2025-02-27 17:30:00+00:00,"Shivaji University, Kolhapur - MPCB",41.11,103.19,3.87,0.28,38.36,2.21,-0.9659258262890683,-0.25881904510252063,0.8660254037844386,0.5000000000000001,0.8406184056344782,0.5416278206559814,0,16.6870449,74.2505872,114.09547738693468
2025-02-27 17:45:00+00:00,"Shivaji University, Kolhapur - MPCB",41.11,103.19,3.93,0.29,34.27,2.14,-0.9659258262890683,-0.25881904510252063,0.8660254037844386,0.5000000000000001,0.8406184056344782,0.5416278206559814,0,16.6870449,74.2505872,114.09547738693468
2025-02-27 18:00:00+00:00,"Shivaji University, Kolhapur - MPCB",41.78,99.33,4.63,0.31,29.44,2.07,-1.0,-1.8369701987210297e-16,0.8660254037844386,0.5000000000000001,0.8406184056344782,0.5416278206559814,0,16.6870449,74.2505872,115.77889447236181
2025-02-27 18:15:00+00:00,"Shivaji University, Kolhapur - MPCB",43.26,91.23,4.31,0.3,29.35,2.61,-1.0,-1.8369701987210297e-16,0.8660254037844386,0.5000000000000001,0.8406184056344782,0.5416278206559814,0,16.6870449,74.2505872,119.49748743718592
2025-02-27 19:15:00+00:00,"Shivaji University, Kolhapur - MPCB",40.34,88.6,3.79,0.42,24.54,1.97,-0.9659258262890684,0.2588190451025203,0.8660254037844386,0.5000000000000001,0.8406184056344782,0.5416278206559814,0,16.6870449,74.2505872,112.16080402010051
2025-02-27 19:30:00+00:00,"Shivaji University, Kolhapur - MPCB",33.89,83.08,3.99,0.43,26.83,2.14,-0.9659258262890684,0.2588190451025203,0.8660254037844386,0.5000000000000001,0.8406184056344782,0.5416278206559814,0,16.6870449,74.2505872,96.75965665236052
2025-02-27 19:45:00+00:00,"Shivaji University, Kolhapur - MPCB",33.89,83.08,4.09,0.4,26.48,2.14,-0.9659258262890684,0.2588190451025203,0.8660254037844386,0.5000000000000001,0.8406184056344782,0.5416278206559814,0,16.6870449,74.2505872,96.75965665236052
2025-02-27 20:00:00+00:00,"Shivaji University, Kolhapur - MPCB",33.89,83.08,3.46,0.36,28.42,1.76,-0.8660254037844386,0.5000000000000001,0.8660254037844386,0.5000000000000001,0.8406184056344782,0.5416278206559814,0,16.6870449,74.2505872,96.75965665236052
2025-02-27 20:15:00+00:00,"Shivaji University, Kolhapur - MPCB",33.37,79.96,3.26,0.38,29.6,1.88,-0.8660254037844386,0.5000000000000001,0.8660254037844386,0.5000000000000001,0.8406184056344782,0.5416278206559814,0,16.6870449,74.2505872,95.64377682403433
2025-02-27 20:30:00+00:00,"Shivaji University, Kolhapur - MPCB",32.32,73.61,3.01,0.36,26.54,1.39,-0.8660254037844386,0.5000000000000001,0.8660254037844386,0.5000000000000001,0.8406184056344782,0.5416278206559814,0,16.6870449,74.2505872,93.39055793991417
2025-02-27 20:45:00+00:00,"Shivaji University, Kolhapur - MPCB",32.32,73.61,2.98,0.31,26.48,1.5,-0.8660254037844386,0.5000000000000001,0.8660254037844386,0.5000000000000001,0.8406184056344782,0.5416278206559814,0,16.6870449,74.2505872,93.39055793991417
2025-02-27 21:15:00+00:00,"Shivaji University, Kolhapur - MPCB",32.58,70.03,2.83,0.34,20.45,1.34,-0.7071067811865477,0.7071067811865474,0.8660254037844386,0.5000000000000001,0.8406184056344782,0.5416278206559814,0,16.6870449,74.2505872,93.94849785407726
2025-02-27 21:45:00+00:00,"Shivaji University, Kolhapur - MPCB",33.13,62.22,2.92,0.34,16.57,1.4,-0.7071067811865477,0.7071067811865474,0.8660254037844386,0.5000000000000001,0.8406184056344782,0.5416278206559814,0,16.6870449,74.2505872,95.12875536480688
2025-02-27 22:00:00+00:00,"Shivaji University, Kolhapur - MPCB",32.55,62.74,2.92,0.36,15.43,1.22,-0.5000000000000004,0.8660254037844384,0.8660254037844386,0.5000000000000001,0.8406184056344782,0.5416278206559814,0,16.6870449,74.2505872,93.88412017167381
2025-02-27 22:15:00+00:00,"Shivaji University, Kolhapur - MPCB",32.55,62.74,2.79,0.36,15.43,1.22,-0.5000000000000004,0.8660254037844384,0.8660254037844386,0.5000000000000001,0.8406184056344782,0.5416278206559814,0,16.6870449,74.2505872,93.88412017167381
2025-02-27 22:30:00+00:00,"Shivaji University, Kolhapur - MPCB",31.55,63.62,2.76,0.35,13.93,1.18,-0.5000000000000004,0.8660254037844384,0.8660254037844386,0.5000000000000001,0.8406184056344782,0.5416278206559814,0,16.6870449,74.2505872,91.73819742489272
2025-02-27 23:00:00+00:00,"Shivaji University, Kolhapur - MPCB",31.55,63.62,2.6,0.32,14.15,0.63,-0.25881904510252157,0.9659258262890681,0.8660254037844386,0.5000000000000001,0.8406184056344782,0.5416278206559814,0,16.6870449,74.2505872,91.73819742489272
2025-02-27 23:15:00+00:00,"Shivaji University, Kolhapur - MPCB",30.42,61.59,2.42,0.28,17.06,0.63,-0.25881904510252157,0.9659258262890681,0.8660254037844386,0.5000000000000001,0.8406184056344782,0.5416278206559814,0,16.6870449,74.2505872,89.31330472103005
2025-02-27 23:45:00+00:00,"Shivaji University, Kolhapur - MPCB",28.88,58.83,3.95,0.26,26.24,1.1,-0.25881904510252157,0.9659258262890681,0.8660254037844386,0.5000000000000001,0.8406184056344782,0.5416278206559814,0,16.6870449,74.2505872,86.00858369098714
2025-02-28 00:00:00+00:00,"Shivaji University, Kolhapur - MPCB",29.48,57.01,4.8,0.3,17.22,0.87,0.0,1.0,0.8660254037844386,0.5000000000000001,0.8498170915275278,0.5270777086423722,0,16.6870449,74.2505872,87.2961373390558
2025-02-28 00:15:00+00:00,"Shivaji University, Kolhapur - MPCB",29.48,57.01,4.8,0.3,17.22,0.87,0.0,1.0,0.8660254037844386,0.5000000000000001,0.8498170915275278,0.5270777086423722,0,16.6870449,74.2505872,87.2961373390558
2025-02-28 00:45:00+00:00,"Shivaji University, Kolhapur - MPCB",30.79,52.97,7.13,0.69,5.69,1.37,0.0,1.0,0.8660254037844386,0.5000000000000001,0.8498170915275278,0.5270777086423722,0,16.6870449,74.2505872,90.10729613733906
2025-02-28 01:00:00+00:00,"Shivaji University, Kolhapur - MPCB",30.79,52.97,7.45,0.75,3.68,1.53,0.25881904510252074,0.9659258262890683,0.8660254037844386,0.5000000000000001,0.8498170915275278,0.5270777086423722,0,16.6870449,74.2505872,90.10729613733906
2025-02-28 01:15:00+00:00,"Shivaji University, Kolhapur - MPCB",33.96,56.51,7.71,0.9,1.0,1.19,0.25881904510252074,0.9659258262890683,0.8660254037844386,0.5000000000000001,0.8498170915275278,0.5270777086423722,0,16.6870449,74.2505872,96.9098712446352
2025-02-28 01:30:00+00:00,"Shivaji University, Kolhapur - MPCB",40.98,64.35,6.205,1.035,1.0150000000000001,1.15,0.25881904510252074,0.9659258262890683,0.8660254037844386,0.5000000000000001,0.8498170915275278,0.5270777086423722,0,16.6870449,74.2505872,113.76884422110552
2025-02-28 01:45:00+00:00,"Shivaji University, Kolhapur - MPCB",40.98,64.35,4.7,1.17,1.03,1.11,0.25881904510252074,0.9659258262890683,0.8660254037844386,0.5000000000000001,0.8498170915275278,0.5270777086423722,0,16.6870449,74.2505872,113.76884422110552
2025-02-28 02:00:00+00:00,"Shivaji University, Kolhapur - MPCB",40.98,64.35,3.19,1.35,1.95,1.3,0.49999999999999994,0.8660254037844387,0.8660254037844386,0.5000000000000001,0.8498170915275278,0.5270777086423722,0,16.6870449,74.2505872,113.76884422110552
2025-02-28 02:15:00+00:00,"Shivaji University, Kolhapur - MPCB",46.58,73.7,5.18,1.35,2.66,1.41,0.49999999999999994,0.8660254037844387,0.8660254037844386,0.5000000000000001,0.8498170915275278,0.5270777086423722,0,16.6870449,74.2505872,127.8391959798995
2025-02-28 02:30:00+00:00,"Shivaji University, Kolhapur - MPCB",58.59,93.75,7.86,1.12,3.31,1.76,0.49999999999999994,0.8660254037844387,0.8660254037844386,0.5000000000000001,0.8498170915275278,0.5270777086423722,0,16.6870449,74.2505872,157.21
2025-02-28 03:30:00+00:00,"Shivaji University, Kolhapur - MPCB",59.04,100.19,7.86,0.73,26.38,19.34,0.7071067811865476,0.7071067811865476,0.8660254037844386,0.5000000000000001,0.8498170915275278,0.5270777086423722,0,16.6870449,74.2505872,158.26
2025-02-28 03:45:00+00:00,"Shivaji University, Kolhapur - MPCB",59.04,100.19,7.09,0.63,39.08,19.91,0.7071067811865476,0.7071067811865476,0.8660254037844386,0.5000000000000001,0.8498170915275278,0.5270777086423722,0,16.6870449,74.2505872,158.26
2025-02-28 04:00:00+00:00,"Shivaji University, Kolhapur - MPCB",59.04,100.19,6.67,0.61,49.39,20.53,0.8660254037844386,0.5000000000000001,0.8660254037844386,0.5000000000000001,0.8498170915275278,0.5270777086423722,0,16.6870449,74.2505872,158.26
2025-02-28 04:15:00+00:00,"Shivaji University, Kolhapur - MPCB",57.73,101.04,6.45,0.59,58.26,20.56,0.8660254037844386,0.5000000000000001,0.8660254037844386,0.5000000000000001,0.8498170915275278,0.5270777086423722,0,16.6870449,74.2505872,155.20333333333332
2025-02-28 04:30:00+00:00,"Shivaji University, Kolhapur - MPCB",55.07,102.77,6.77,0.54,67.53,20.6,0.8660254037844386,0.5000000000000001,0.8660254037844386,0.5000000000000001,0.8498170915275278,0.5270777086423722,0,16.6870449,74.2505872,149.1708542713568
2025-02-28 04:45:00+00:00,"Shivaji University, Kolhapur - MPCB",55.07,102.77,5.98,0.39,70.63,17.02,0.8660254037844386,0.5000000000000001,0.8660254037844386,0.5000000000000001,0.8498170915275278,0.5270777086423722,0,16.6870449,74.2505872,149.1708542713568
2025-02-28 05:00:00+00:00,"Shivaji University, Kolhapur - MPCB",51.9,101.98,4.65,0.37,71.1,12.36,0.9659258262890683,0.25881904510252074,0.8660254037844386,0.5000000000000001,0.8498170915275278,0.5270777086423722,0,16.6870449,74.2505872,141.20603015075378
2025-02-28 05:30:00+00:00,"Shivaji University, Kolhapur - MPCB",44.89,100.25,3.85,0.35,75.98,8.4,0.9659258262890683,0.25881904510252074,0.8660254037844386,0.5000000000000001,0.8498170915275278,0.5270777086423722,0,16.6870449,74.2505872,123.5929648241206
2025-02-28 05:45:00+00:00,"Shivaji University, Kolhapur - MPCB",44.89,100.25,3.68,0.33,74.68,7.98,0.9659258262890683,0.25881904510252074,0.8660254037844386,0.5000000000000001,0.8498170915275278,0.5270777086423722,0,16.6870449,74.2505872,123.5929648241206
2025-02-28 06:00:00+00:00,"Shivaji University, Kolhapur - MPCB",44.89,100.25,3.83,0.33,74.68,8.09,1.0,6.123233995736766e-17,0.8660254037844386,0.5000000000000001,0.8498170915275278,0.5270777086423722,0,16.6870449,74.2505872,123.5929648241206
2025-02-28 06:15:00+00:00,"Shivaji University, Kolhapur - MPCB",44.46,99.59,5.25,0.32,77.03,8.09,1.0,6.123233995736766e-17,0.8660254037844386,0.5000000000000001,0.8498170915275278,0.5270777086423722,0,16.6870449,74.2505872,122.51256281407035
2025-02-28 06:30:00+00:00,"Shivaji University, Kolhapur - MPCB",43.67,98.43,4.86,0.34,80.58,10.18,1.0,6.123233995736766e-17,0.8660254037844386,0.5000000000000001,0.8498170915275278,0.5270777086423722,0,16.6870449,74.2505872,120.52763819095478
2025-02-28 06:45:00+00:00,"Shivaji University, Kolhapur - MPCB",43.67,98.43,3.76,0.36,72.34,10.64,1.0,6.123233995736766e-17,0.8660254037844386,0.5000000000000001,0.8498170915275278,0.5270777086423722,0,16.6870449,74.2505872,120.52763819095478
2025-02-28 07:00:00+00:00,"Shivaji University, Kolhapur - MPCB",43.67,98.43,3.67,0.31,84.67,10.64,0.9659258262890683,-0.25881904510252063,0.8660254037844386,0.5000000000000001,0.8498170915275278,0.5270777086423722,0,16.6870449,74.2505872,120.52763819095478
2025-02-28 07:15:00+00:00,"Shivaji University, Kolhapur - MPCB",43.84,99.15,3.47,0.31,75.47,8.1,0.9659258262890683,-0.25881904510252063,0.8660254037844386,0.5000000000000001,0.8498170915275278,0.5270777086423722,0,16.6870449,74.2505872,120.95477386934675
2025-02-28 08:30:00+00:00,"Shivaji University, Kolhapur - MPCB",36.0,93.33,2.95,0.27,88.67,5.55,0.8660254037844387,-0.4999999999999998,0.8660254037844386,0.5000000000000001,0.8498170915275278,0.5270777086423722,0,16.6870449,74.2505872,101.25628140703517
2025-02-28 10:00:00+00:00,"Shivaji University, Kolhapur - MPCB",37.36,82.06,2.77,0.31,106.09,8.31,0.49999999999999994,-0.8660254037844387,0.8660254037844386,0.5000000000000001,0.8498170915275278,0.5270777086423722,0,16.6870449,74.2505872,104.67336683417085
2025-02-28 10:30:00+00:00,"Shivaji University, Kolhapur - MPCB",36.26,79.73,3.37,0.27,92.86,6.86,0.49999999999999994,-0.8660254037844387,0.8660254037844386,0.5000000000000001,0.8498170915275278,0.5270777086423722,0,16.6870449,74.2505872,101.90954773869346
2025-02-28 11:00:00+00:00,"Shivaji University, Kolhapur - MPCB",36.32,78.68,3.06,0.32,100.36,6.55,0.258819045102521,-0.9659258262890682,0.8660254037844386,0.5000000000000001,0.8498170915275278,0.5270777086423722,0,16.6870449,74.2505872,102.06030150753769
2025-02-28 11:30:00+00:00,"Shivaji University, Kolhapur - MPCB",36.45,76.36,3.41,0.32,96.5,7.42,0.258819045102521,-0.9659258262890682,0.8660254037844386,0.5000000000000001,0.8498170915275278,0.5270777086423722,0,16.6870449,74.2505872,102.38693467336684
2025-02-28 11:45:00+00:00,"Shivaji University, Kolhapur - MPCB",36.45,76.36,2.91,0.3,97.9,7.13,0.258819045102521,-0.9659258262890682,0.8660254037844386,0.5000000000000001,0.8498170915275278,0.5270777086423722,0,16.6870449,74.2505872,102.38693467336684
2025-02-28 12:00:00+00:00,"Shivaji University, Kolhapur - MPCB",35.95,75.98,2.74,0.29,100.74,7.06,1.2246467991473532e-16,-1.0,0.8660254037844386,0.5000000000000001,0.8498170915275278,0.5270777086423722,0,16.6870449,74.2505872,101.13065326633166
2025-02-28 12:15:00+00:00,"Shivaji University, Kolhapur - MPCB",34.85,75.15,3.91,0.35,97.4,7.69,1.2246467991473532e-16,-1.0,0.8660254037844386,0.5000000000000001,0.8498170915275278,0.5270777086423722,0,16.6870449,74.2505872,98.8197424892704
2025-02-28 12:30:00+00:00,"Shivaji University, Kolhapur - MPCB",34.85,75.15,4.82,0.34,76.98,1.63,1.2246467991473532e-16,-1.0,0.8660254037844386,0.5000000000000001,0.8498170915275278,0.5270777086423722,0,16.6870449,74.2505872,98.8197424892704
2025-02-28 12:45:00+00:00,"Shivaji University, Kolhapur - MPCB",34.85,75.15,6.28,0.44,64.16,4.92,1.2246467991473532e-16,-1.0,0.8660254037844386,0.5000000000000001,0.8498170915275278,0.5270777086423722,0,16.6870449,74.2505872,98.8197424892704
2025-02-28 13:00:00+00:00,"Shivaji University, Kolhapur - MPCB",35.17,77.97,6.66,0.46,48.5,4.44,-0.2588190451025208,-0.9659258262890683,0.8660254037844386,0.5000000000000001,0.8498170915275278,0.5270777086423722,0,16.6870449,74.2505872,99.50643776824035
2025-02-28 13:15:00+00:00,"Shivaji University, Kolhapur - MPCB",35.89,84.21,7.79,0.55,41.61,4.11,-0.2588190451025208,-0.9659258262890683,0.8660254037844386,0.5000000000000001,0.8498170915275278,0.5270777086423722,0,16.6870449,74.2505872,100.97989949748744
2025-02-28 13:30:00+00:00,"Shivaji University, Kolhapur - MPCB",35.89,84.21,7.6,0.42,46.92,4.57,-0.2588190451025208,-0.9659258262890683,0.8660254037844386,0.5000000000000001,0.8498170915275278,0.5270777086423722,0,16.6870449,74.2505872,100.97989949748744
2025-02-28 14:00:00+00:00,"Shivaji University, Kolhapur - MPCB",38.31,87.44,6.16,0.43,50.86,5.88,-0.4999999999999997,-0.8660254037844388,0.8660254037844386,0.5000000000000001,0.8498170915275278,0.5270777086423722,0,16.6870449,74.2505872,107.0603015075377
2025-02-28 14:15:00+00:00,"Shivaji University, Kolhapur - MPCB",43.67,94.59,9.24,0.58,38.33,7.9,-0.4999999999999997,-0.8660254037844388,0.8660254037844386,0.5000000000000001,0.8498170915275278,0.5270777086423722,0,16.6870449,74.2505872,120.52763819095478
2025-02-28 14:30:00+00:00,"Shivaji University, Kolhapur - MPCB",43.67,94.59,10.94,0.58,31.45,12.0,-0.4999999999999997,-0.8660254037844388,0.8660254037844386,0.5000000000000001,0.8498170915275278,0.5270777086423722,0,16.6870449,74.2505872,120.52763819095478
2025-02-28 14:45:00+00:00,"Shivaji University, Kolhapur - MPCB",43.67,94.59,15.27,0.82,13.26,13.43,-0.4999999999999997,-0.8660254037844388,0.8660254037844386,0.5000000000000001,0.8498170915275278,0.5270777086423722,0,16.6870449,74.2505872,120.52763819095478
2025-02-28 15:00:00+00:00,"Shivaji University, Kolhapur - MPCB",43.11,97.7,16.21,0.73,12.93,16.2,-0.7071067811865471,-0.7071067811865479,0.8660254037844386,0.5000000000000001,0.8498170915275278,0.5270777086423722,0,16.6870449,74.2505872,119.12060301507537
2025-02-28 15:15:00+00:00,"Shivaji University, Kolhapur - MPCB",41.89,104.6,15.09,1.04,5.93,17.87,-0.7071067811865471,-0.7071067811865479,0.8660254037844386,0.5000000000000001,0.8498170915275278,0.5270777086423722,0,16.6870449,74.2505872,116.05527638190955
2025-02-28 15:30:00+00:00,"Shivaji University, Kolhapur - MPCB",41.89,104.6,12.57,1.1,3.64,14.45,-0.7071067811865471,-0.7071067811865479,0.8660254037844386,0.5000000000000001,0.8498170915275278,0.5270777086423722,0,16.6870449,74.2505872,116.05527638190955
2025-02-28 15:45:00+00:00,"Shivaji University, Kolhapur - MPCB",41.89,104.6,11.87,1.15,3.67,10.19,-0.7071067811865471,-0.7071067811865479,0.8660254037844386,0.5000000000000001,0.8498170915275278,0.5270777086423722,0,16.6870449,74.2505872,116.05527638190955
2025-02-28 16:15:00+00:00,"Shivaji University, Kolhapur - MPCB",45.61,124.84,14.6,0.93,3.54,6.31,-0.8660254037844385,-0.5000000000000004,0.8660254037844386,0.5000000000000001,0.8498170915275278,0.5270777086423722,0,16.6870449,74.2505872,125.40201005025125
2025-02-28 16:30:00+00:00,"Shivaji University, Kolhapur - MPCB",45.61,124.84,13.77,1.0,5.41,6.15,-0.8660254037844385,-0.5000000000000004,0.8660254037844386,0.5000000000000001,0.8498170915275278,0.5270777086423722,0,16.6870449,74.2505872,125.40201005025125
2025-02-28 17:00:00+00:00,"Shivaji University, Kolhapur - MPCB",45.61,124.84,11.77,0.92,7.44,5.89,-0.9659258262890683,-0.25881904510252063,0.8660254037844386,0.5000000000000001,0.8498170915275278,0.5270777086423722,0,16.6870449,74.2505872,125.40201005025125
2025-02-28 17:30:00+00:00,"Shivaji University, Kolhapur - MPCB",50.87,130.23,10.1,0.8,17.75,6.32,-0.9659258262890683,-0.25881904510252063,0.8660254037844386,0.5000000000000001,0.8498170915275278,0.5270777086423722,0,16.6870449,74.2505872,138.6180904522613
2025-02-28 17:45:00+00:00,"Shivaji University, Kolhapur - MPCB",50.87,130.23,9.67,0.79,18.41,6.29,-0.9659258262890683,-0.25881904510252063,0.8660254037844386,0.5000000000000001,0.8498170915275278,0.5270777086423722,0,16.6870449,74.2505872,138.6180904522613
2025-02-28 18:00:00+00:00,"Shivaji University, Kolhapur - MPCB",50.87,130.23,9.49,0.78,19.51,7.22,-1.0,-1.8369701987210297e-16,0.8660254037844386,0.5000000000000001,0.8498170915275278,0.5270777086423722,0,16.6870449,74.2505872,138.6180904522613
2025-02-28 18:15:00+00:00,"Shivaji University, Kolhapur - MPCB",56.48,125.79,7.86,0.67,24.44,7.24,-1.0,-1.8369701987210297e-16,0.8660254037844386,0.5000000000000001,0.8498170915275278,0.5270777086423722,0,16.6870449,74.2505872,152.28666666666666
2025-02-28 19:15:00+00:00,"Shivaji University, Kolhapur - MPCB",56.52,126.61,5.04,0.56,24.81,4.37,-0.9659258262890684,0.2588190451025203,0.8660254037844386,0.5000000000000001,0.8498170915275278,0.5270777086423722,0,16.6870449,74.2505872,152.38
2025-02-28 19:30:00+00:00,"Shivaji University, Kolhapur - MPCB",56.58,127.89,4.93,0.55,24.19,5.7,-0.9659258262890684,0.2588190451025203,0.8660254037844386,0.5000000000000001,0.8498170915275278,0.5270777086423722,0,16.6870449,74.2505872,152.51999999999998
2025-02-28 19:45:00+00:00,"Shivaji University, Kolhapur - MPCB",56.58,127.89,5.8,0.53,28.19,5.3,-0.9659258262890684,0.2588190451025203,0.8660254037844386,0.5000000000000001,0.8498170915275278,0.5270777086423722,0,16.6870449,74.2505872,152.51999999999998
2025-02-28 20:15:00+00:00,"Shivaji University, Kolhapur - MPCB",55.58,125.56,5.59,0.52,22.92,3.86,-0.8660254037844386,0.5000000000000001,0.8660254037844386,0.5000000000000001,0.8498170915275278,0.5270777086423722,0,16.6870449,74.2505872,150.18666666666667
2025-02-28 20:30:00+00:00,"Shivaji University, Kolhapur - MPCB",53.42,120.55,7.2,0.52,20.8,4.84,-0.8660254037844386,0.5000000000000001,0.8660254037844386,0.5000000000000001,0.8498170915275278,0.5270777086423722,0,16.6870449,74.2505872,145.0251256281407
2025-02-28 20:45:00+00:00,"Shivaji University, Kolhapur - MPCB",53.42,120.55,5.94,0.52,16.72,3.95,-0.8660254037844386,0.5000000000000001,0.8660254037844386,0.5000000000000001,0.8498170915275278,0.5270777086423722,0,16.6870449,74.2505872,145.0251256281407
2025-02-28 21:00:00+00:00,"Shivaji University, Kolhapur - MPCB",53.42,120.55,5.45,0.5,15.59,3.83,-0.7071067811865477,0.7071067811865474,0.8660254037844386,0.5000000000000001,0.8498170915275278,0.5270777086423722,0,16.6870449,74.2505872,145.0251256281407
2025-02-28 21:30:00+00:00,"Shivaji University, Kolhapur - MPCB",54.22,112.64,5.9,0.58,12.0,2.97,-0.7071067811865477,0.7071067811865474,0.8660254037844386,0.5000000000000001,0.8498170915275278,0.5270777086423722,0,16.6870449,74.2505872,147.035175879397
2025-02-28 21:45:00+00:00,"Shivaji University, Kolhapur - MPCB",54.22,112.64,5.98,0.63,8.65,2.76,-0.7071067811865477,0.7071067811865474,0.8660254037844386,0.5000000000000001,0.8498170915275278,0.5270777086423722,0,16.6870449,74.2505872,147.035175879397
2025-02-28 22:00:00+00:00,"Shivaji University, Kolhapur - MPCB",54.15,113.0,6.11,0.66,7.96,2.15,-0.5000000000000004,0.8660254037844384,0.8660254037844386,0.5000000000000001,0.8498170915275278,0.5270777086423722,0,16.6870449,74.2505872,146.85929648241205
2025-02-28 22:15:00+00:00,"Shivaji University, Kolhapur - MPCB",54.0,113.79,6.37,0.62,7.75,1.85,-0.5000000000000004,0.8660254037844384,0.8660254037844386,0.5000000000000001,0.8498170915275278,0.5270777086423722,0,16.6870449,74.2505872,146.4824120603015
2025-02-28 22:30:00+00:00,"Shivaji University, Kolhapur - MPCB",54.0,113.79,5.87,0.62,7.75,2.38,-0.5000000000000004,0.8660254037844384,0.8660254037844386,0.5000000000000001,0.8498170915275278,0.5270777086423722,0,16.6870449,74.2505872,146.4824120603015
2025-02-28 22:45:00+00:00,"Shivaji University, Kolhapur - MPCB",54.0,113.79,6.1,0.64,11.03,2.85,-0.5000000000000004,0.8660254037844384,0.8660254037844386,0.5000000000000001,0.8498170915275278,0.5270777086423722,0,16.6870449,74.2505872,146.4824120603015
2025-02-28 23:00:00+00:00,"Shivaji University, Kolhapur - MPCB",54.0,113.79,6.06,0.62,13.81,3.52,-0.25881904510252157,0.9659258262890681,0.8660254037844386,0.5000000000000001,0.8498170915275278,0.5270777086423722,0,16.6870449,74.2505872,146.4824120603015
2025-02-28 23:15:00+00:00,"Shivaji University, Kolhapur - MPCB",54.15,112.82,6.1,0.62,18.12,3.75,-0.25881904510252157,0.9659258262890681,0.8660254037844386,0.5000000000000001,0.8498170915275278,0.5270777086423722,0,16.6870449,74.2505872,146.85929648241205
2025-02-28 23:30:00+00:00,"Shivaji University, Kolhapur - MPCB",54.45,110.83,6.17,0.6,19.8,3.75,-0.25881904510252157,0.9659258262890681,0.8660254037844386,0.5000000000000001,0.8498170915275278,0.5270777086423722,0,16.6870449,74.2505872,147.61306532663318
2025-02-28 23:45:00+00:00,"Shivaji University, Kolhapur - MPCB",54.45,110.83,5.75,0.59,20.03,3.48,-0.25881904510252157,0.9659258262890681,0.8660254037844386,0.5000000000000001,0.8498170915275278,0.5270777086423722,0,16.6870449,74.2505872,147.61306532663318
2025-03-01 00:00:00+00:00,"Shivaji University, Kolhapur - MPCB",53.91,110.93,5.7,0.53,23.17,4.73,0.0,1.0,1.0,6.123233995736766e-17,0.8587639582758029,0.5123714121284237,1,16.6870449,74.2505872,146.25628140703517
2025-03-01 00:45:00+00:00,"Shivaji University, Kolhapur - MPCB",52.76,111.15,6.74,0.56,12.05,2.64,0.0,1.0,1.0,6.123233995736766e-17,0.8587639582758029,0.5123714121284237,1,16.6870449,74.2505872,143.36683417085428
2025-03-01 01:00:00+00:00,"Shivaji University, Kolhapur - MPCB",52.76,111.15,7.82,0.56,12.05,2.06,0.25881904510252074,0.9659258262890683,1.0,6.123233995736766e-17,0.8587639582758029,0.5123714121284237,1,16.6870449,74.2505872,143.36683417085428
2025-03-01 01:15:00+00:00,"Shivaji University, Kolhapur - MPCB",51.5,108.41,8.6,0.66,10.09,2.21,0.25881904510252074,0.9659258262890683,1.0,6.123233995736766e-17,0.8587639582758029,0.5123714121284237,1,16.6870449,74.2505872,140.20100502512562
2025-03-01 01:45:00+00:00,"Shivaji University, Kolhapur - MPCB",48.7,102.34,8.07,0.86,4.48,1.71,0.25881904510252074,0.9659258262890683,1.0,6.123233995736766e-17,0.8587639582758029,0.5123714121284237,1,16.6870449,74.2505872,133.16582914572865
2025-03-01 02:00:00+00:00,"Shivaji University, Kolhapur - MPCB",48.7,102.34,7.08,0.74,8.28,1.86,0.49999999999999994,0.8660254037844387,1.0,6.123233995736766e-17,0.8587639582758029,0.5123714121284237,1,16.6870449,74.2505872,133.16582914572865
2025-03-01 03:15:00+00:00,"Shivaji University, Kolhapur - MPCB",54.74,111.15,6.32,0.53,40.64,17.38,0.7071067811865476,0.7071067811865476,1.0,6.123233995736766e-17,0.8587639582758029,0.5123714121284237,1,16.6870449,74.2505872,148.34170854271358
2025-03-01 03:30:00+00:00,"Shivaji University, Kolhapur - MPCB",54.74,111.15,6.23,0.48,47.22,19.07,0.7071067811865476,0.7071067811865476,1.0,6.123233995736766e-17,0.8587639582758029,0.5123714121284237,1,16.6870449,74.2505872,148.34170854271358
2025-03-01 03:45:00+00:00,"Shivaji University, Kolhapur - MPCB",54.74,111.15,6.0,0.47,55.33,19.15,0.7071067811865476,0.7071067811865476,1.0,6.123233995736766e-17,0.8587639582758029,0.5123714121284237,1,16.6870449,74.2505872,148.34170854271358
2025-03-01 04:30:00+00:00,"Shivaji University, Kolhapur - MPCB",43.71,96.62,5.05,0.35,72.44,16.15,0.8660254037844386,0.5000000000000001,1.0,6.123233995736766e-17,0.8587639582758029,0.5123714121284237,1,16.6870449,74.2505872,120.62814070351759
2025-03-01 04:45:00+00:00,"Shivaji University, Kolhapur - MPCB",43.71,96.62,4.83,0.39,76.92,14.34,0.8660254037844386,0.5000000000000001,1.0,6.123233995736766e-17,0.8587639582758029,0.5123714121284237,1,16.6870449,74.2505872,120.62814070351759
2025-03-01 05:00:00+00:00,"Shivaji University, Kolhapur - MPCB",43.71,96.62,4.56,0.39,76.92,11.86,0.9659258262890683,0.25881904510252074,1.0,6.123233995736766e-17,0.8587639582758029,0.5123714121284237,1,16.6870449,74.2505872,120.62814070351759
2025-03-01 05:15:00+00:00,"Shivaji University, Kolhapur - MPCB",41.86,90.98,4.13,0.33,78.16,9.92,0.9659258262890683,0.25881904510252074,1.0,6.123233995736766e-17,0.8587639582758029,0.5123714121284237,1,16.6870449,74.2505872,115.97989949748744
2025-03-01 05:30:00+00:00,"Shivaji University, Kolhapur - MPCB",37.83,78.69,4.05,0.28,75.68,8.29,0.9659258262890683,0.25881904510252074,1.0,6.123233995736766e-17,0.8587639582758029,0.5123714121284237,1,16.6870449,74.2505872,105.85427135678391
2025-03-01 06:00:00+00:00,"Shivaji University, Kolhapur - MPCB",37.83,78.69,3.91,0.26,76.85,7.18,1.0,6.123233995736766e-17,1.0,6.123233995736766e-17,0.8587639582758029,0.5123714121284237,1,16.6870449,74.2505872,105.85427135678391
2025-03-01 06:30:00+00:00,"Shivaji University, Kolhapur - MPCB",36.71,81.13,3.9,0.27,79.48,6.13,1.0,6.123233995736766e-17,1.0,6.123233995736766e-17,0.8587639582758029,0.5123714121284237,1,16.6870449,74.2505872,103.04020100502512
2025-03-01 06:45:00+00:00,"Shivaji University, Kolhapur - MPCB",36.71,81.13,5.92,0.23,79.87,6.1,1.0,6.123233995736766e-17,1.0,6.123233995736766e-17,0.8587639582758029,0.5123714121284237,1,16.6870449,74.2505872,103.04020100502512
2025-03-01 07:00:00+00:00,"Shivaji University, Kolhapur - MPCB",36.71,81.13,4.67,0.31,76.95,6.1,0.9659258262890683,-0.25881904510252063,1.0,6.123233995736766e-17,0.8587639582758029,0.5123714121284237,1,16.6870449,74.2505872,103.04020100502512
2025-03-01 07:15:00+00:00,"Shivaji University, Kolhapur - MPCB",35.37,80.54,4.52,0.27,89.82,7.07,0.9659258262890683,-0.25881904510252063,1.0,6.123233995736766e-17,0.8587639582758029,0.5123714121284237,1,16.6870449,74.2505872,99.93562231759657
2025-03-01 08:00:00+00:00,"Shivaji University, Kolhapur - MPCB",32.59,79.39,3.05,0.21,93.78,2.3,0.8660254037844387,-0.4999999999999998,1.0,6.123233995736766e-17,0.8587639582758029,0.5123714121284237,1,16.6870449,74.2505872,93.96995708154508
2025-03-01 08:30:00+00:00,"Shivaji University, Kolhapur - MPCB",32.81,72.71,2.73,0.19,90.62,4.06,0.8660254037844387,-0.4999999999999998,1.0,6.123233995736766e-17,0.8587639582758029,0.5123714121284237,1,16.6870449,74.2505872,94.44206008583691
2025-03-01 08:45:00+00:00,"Shivaji University, Kolhapur - MPCB",32.81,72.71,3.21,0.21,91.59,4.27,0.8660254037844387,-0.4999999999999998,1.0,6.123233995736766e-17,0.8587639582758029,0.5123714121284237,1,16.6870449,74.2505872,94.44206008583691
2025-03-01 09:00:00+00:00,"Shivaji University, Kolhapur - MPCB",30.82,71.42,2.92,0.17,87.82,3.71,0.7071067811865476,-0.7071067811865475,1.0,6.123233995736766e-17,0.8587639582758029,0.5123714121284237,1,16.6870449,74.2505872,90.1716738197425
2025-03-01 09:15:00+00:00,"Shivaji University, Kolhapur - MPCB",26.42,68.58,2.38,0.15,88.06,3.22,0.7071067811865476,-0.7071067811865475,1.0,6.123233995736766e-17,0.8587639582758029,0.5123714121284237,1,16.6870449,74.2505872,80.72961373390558
2025-03-01 09:45:00+00:00,"Shivaji University, Kolhapur - MPCB",26.42,68.58,2.74,0.19,88.67,2.74,0.7071067811865476,-0.7071067811865475,1.0,6.123233995736766e-17,0.8587639582758029,0.5123714121284237,1,16.6870449,74.2505872,80.72961373390558
2025-03-01 10:00:00+00:00,"Shivaji University, Kolhapur - MPCB",26.42,68.58,2.73,0.17,90.23,3.49,0.49999999999999994,-0.8660254037844387,1.0,6.123233995736766e-17,0.8587639582758029,0.5123714121284237,1,16.6870449,74.2505872,80.72961373390558
2025-03-01 10:15:00+00:00,"Shivaji University, Kolhapur - MPCB",26.78,66.84,3.29,0.17,90.7,3.8,0.49999999999999994,-0.8660254037844387,1.0,6.123233995736766e-17,0.8587639582758029,0.5123714121284237,1,16.6870449,74.2505872,81.50214592274679
2025-03-01 10:30:00+00:00,"Shivaji University, Kolhapur - MPCB",27.5,63.16,2.77,0.19,93.09,3.12,0.49999999999999994,-0.8660254037844387,1.0,6.123233995736766e-17,0.8587639582758029,0.5123714121284237,1,16.6870449,74.2505872,83.04721030042919
2025-03-01 10:45:00+00:00,"Shivaji University, Kolhapur - MPCB",27.5,63.16,2.69,0.17,94.76,3.0,0.49999999999999994,-0.8660254037844387,1.0,6.123233995736766e-17,0.8587639582758029,0.5123714121284237,1,16.6870449,74.2505872,83.04721030042919
2025-03-01 11:00:00+00:00,"Shivaji University, Kolhapur - MPCB",27.5,63.16,2.18,0.18,91.08,3.24,0.258819045102521,-0.9659258262890682,1.0,6.123233995736766e-17,0.8587639582758029,0.5123714121284237,1,16.6870449,74.2505872,83.04721030042919
2025-03-01 11:15:00+00:00,"Shivaji University, Kolhapur - MPCB",27.49,62.07,2.45,0.16,94.57,3.24,0.258819045102521,-0.9659258262890682,1.0,6.123233995736766e-17,0.8587639582758029,0.5123714121284237,1,16.6870449,74.2505872,83.02575107296138
2025-03-01 11:30:00+00:00,"Shivaji University, Kolhapur - MPCB",27.47,59.7,2.88,0.17,98.84,3.2,0.258819045102521,-0.9659258262890682,1.0,6.123233995736766e-17,0.8587639582758029,0.5123714121284237,1,16.6870449,74.2505872,82.98283261802575
2025-03-01 11:45:00+00:00,"Shivaji University, Kolhapur - MPCB",27.47,59.7,3.14,0.16,96.77,3.19,0.258819045102521,-0.9659258262890682,1.0,6.123233995736766e-17,0.8587639582758029,0.5123714121284237,1,16.6870449,74.2505872,82.98283261802575
2025-03-01 12:00:00+00:00,"Shivaji University, Kolhapur - MPCB",27.47,59.7,3.86,0.17,96.1,3.19,1.2246467991473532e-16,-1.0,1.0,6.123233995736766e-17,0.8587639582758029,0.5123714121284237,1,16.6870449,74.2505872,82.98283261802575
2025-03-01 12:30:00+00:00,"Shivaji University, Kolhapur - MPCB",30.46,63.34,3.3,0.2,79.28,1.28,1.2246467991473532e-16,-1.0,1.0,6.123233995736766e-17,0.8587639582758029,0.5123714121284237,1,16.6870449,74.2505872,89.39914163090128
2025-03-01 13:00:00+00:00,"Shivaji University, Kolhapur - MPCB",30.46,63.34,4.78,0.27,49.84,2.5,-0.2588190451025208,-0.9659258262890683,1.0,6.123233995736766e-17,0.8587639582758029,0.5123714121284237,1,16.6870449,74.2505872,89.39914163090128
2025-03-01 13:15:00+00:00,"Shivaji University, Kolhapur - MPCB",30.17,65.78,6.75,0.34,41.03,4.72,-0.2588190451025208,-0.9659258262890683,1.0,6.123233995736766e-17,0.8587639582758029,0.5123714121284237,1,16.6870449,74.2505872,88.77682403433477
2025-03-01 13:45:00+00:00,"Shivaji University, Kolhapur - MPCB",29.71,69.61,9.23,0.56,37.26,4.43,-0.2588190451025208,-0.9659258262890683,1.0,6.123233995736766e-17,0.8587639582758029,0.5123714121284237,1,16.6870449,74.2505872,87.78969957081546
2025-03-01 14:00:00+00:00,"Shivaji University, Kolhapur - MPCB",30.07,73.25,10.68,0.62,19.21,8.71,-0.4999999999999997,-0.8660254037844388,1.0,6.123233995736766e-17,0.8587639582758029,0.5123714121284237,1,16.6870449,74.2505872,88.56223175965665
2025-03-01 14:15:00+00:00,"Shivaji University, Kolhapur - MPCB",30.87,81.29,11.24,1.05,10.89,8.02,-0.4999999999999997,-0.8660254037844388,1.0,6.123233995736766e-17,0.8587639582758029,0.5123714121284237,1,16.6870449,74.2505872,90.27896995708156
2025-03-01 14:30:00+00:00,"Shivaji University, Kolhapur - MPCB",30.87,81.29,14.4,1.14,27.09,5.92,-0.4999999999999997,-0.8660254037844388,1.0,6.123233995736766e-17,0.8587639582758029,0.5123714121284237,1,16.6870449,74.2505872,90.27896995708156
2025-03-01 14:45:00+00:00,"Shivaji University, Kolhapur - MPCB",30.87,81.29,13.22,0.85,33.2,5.51,-0.4999999999999997,-0.8660254037844388,1.0,6.123233995736766e-17,0.8587639582758029,0.5123714121284237,1,16.6870449,74.2505872,90.27896995708156
2025-03-01 15:00:00+00:00,"Shivaji University, Kolhapur - MPCB",30.87,81.29,11.15,0.85,33.2,5.51,-0.7071067811865471,-0.7071067811865479,1.0,6.123233995736766e-17,0.8587639582758029,0.5123714121284237,1,16.6870449,74.2505872,90.27896995708156
2025-03-01 15:15:00+00:00,"Shivaji University, Kolhapur - MPCB",32.65,84.76,11.51,0.82,34.2,5.36,-0.7071067811865471,-0.7071067811865479,1.0,6.123233995736766e-17,0.8587639582758029,0.5123714121284237,1,16.6870449,74.2505872,94.09871244635193
2025-03-01 15:45:00+00:00,"Shivaji University, Kolhapur - MPCB",41.7,104.27,6.7,0.61,53.39,5.47,-0.7071067811865471,-0.7071067811865479,1.0,6.123233995736766e-17,0.8587639582758029,0.5123714121284237,1,16.6870449,74.2505872,115.57788944723619
2025-03-01 16:00:00+00:00,"Shivaji University, Kolhapur - MPCB",41.7,104.27,6.83,0.58,51.26,4.93,-0.8660254037844385,-0.5000000000000004,1.0,6.123233995736766e-17,0.8587639582758029,0.5123714121284237,1,16.6870449,74.2505872,115.57788944723619
2025-03-01 16:15:00+00:00,"Shivaji University, Kolhapur - MPCB",41.99,104.58,6.42,0.56,47.52,4.61,-0.8660254037844385,-0.5000000000000004,1.0,6.123233995736766e-17,0.8587639582758029,0.5123714121284237,1,16.6870449,74.2505872,116.30653266331659
2025-03-01 16:30:00+00:00,"Shivaji University, Kolhapur - MPCB",42.6,105.23,7.21,0.53,44.72,3.29,-0.8660254037844385,-0.5000000000000004,1.0,6.123233995736766e-17,0.8587639582758029,0.5123714121284237,1,16.6870449,74.2505872,117.8391959798995
2025-03-01 17:00:00+00:00,"Shivaji University, Kolhapur - MPCB",42.6,105.23,6.35,0.55,40.49,3.62,-0.9659258262890683,-0.25881904510252063,1.0,6.123233995736766e-17,0.8587639582758029,0.5123714121284237,1,16.6870449,74.2505872,117.8391959798995
2025-03-01 17:45:00+00:00,"Shivaji University, Kolhapur - MPCB",42.31,96.53,5.09,0.46,35.05,3.58,-0.9659258262890683,-0.25881904510252063,1.0,6.123233995736766e-17,0.8587639582758029,0.5123714121284237,1,16.6870449,74.2505872,117.1105527638191
2025-03-01 18:15:00+00:00,"Shivaji University, Kolhapur - MPCB",41.6,94.97,5.25,0.48,31.87,3.78,-1.0,-1.8369701987210297e-16,1.0,6.123233995736766e-17,0.8587639582758029,0.5123714121284237,1,16.6870449,74.2505872,115.32663316582915
2025-03-01 19:15:00+00:00,"Shivaji University, Kolhapur - MPCB",39.97,85.08,3.6,0.4,29.26,2.35,-0.9659258262890684,0.2588190451025203,1.0,6.123233995736766e-17,0.8587639582758029,0.5123714121284237,1,16.6870449,74.2505872,111.23115577889448
2025-03-01 19:45:00+00:00,"Shivaji University, Kolhapur - MPCB",39.97,85.08,3.95,0.37,36.49,2.39,-0.9659258262890684,0.2588190451025203,1.0,6.123233995736766e-17,0.8587639582758029,0.5123714121284237,1,16.6870449,74.2505872,111.23115577889448
2025-03-01 20:00:00+00:00,"Shivaji University, Kolhapur - MPCB",39.57,85.26,5.12,0.39,34.68,2.52,-0.8660254037844386,0.5000000000000001,1.0,6.123233995736766e-17,0.8587639582758029,0.5123714121284237,1,16.6870449,74.2505872,110.22613065326634
2025-03-01 20:15:00+00:00,"Shivaji University, Kolhapur - MPCB",38.72,85.63,4.82,0.37,31.87,2.46,-0.8660254037844386,0.5000000000000001,1.0,6.123233995736766e-17,0.8587639582758029,0.5123714121284237,1,16.6870449,74.2505872,108.09045226130652
2025-03-01 20:30:00+00:00,"Shivaji University, Kolhapur - MPCB",38.72,85.63,5.18,0.41,28.55,1.6,-0.8660254037844386,0.5000000000000001,1.0,6.123233995736766e-17,0.8587639582758029,0.5123714121284237,1,16.6870449,74.2505872,108.09045226130652
2025-03-01 20:45:00+00:00,"Shivaji University, Kolhapur - MPCB",38.72,85.63,5.02,0.44,24.78,2.37,-0.8660254037844386,0.5000000000000001,1.0,6.123233995736766e-17,0.8587639582758029,0.5123714121284237,1,16.6870449,74.2505872,108.09045226130652
2025-03-01 21:00:00+00:00,"Shivaji University, Kolhapur - MPCB",37.85,82.75,4.46,0.45,22.5,1.63,-0.7071067811865477,0.7071067811865474,1.0,6.123233995736766e-17,0.8587639582758029,0.5123714121284237,1,16.6870449,74.2505872,105.90452261306532
2025-03-01 21:15:00+00:00,"Shivaji University, Kolhapur - MPCB",35.94,76.37,4.17,0.43,25.45,2.16,-0.7071067811865477,0.7071067811865474,1.0,6.123233995736766e-17,0.8587639582758029,0.5123714121284237,1,16.6870449,74.2505872,101.10552763819095
2025-03-01 21:30:00+00:00,"Shivaji University, Kolhapur - MPCB",35.94,76.37,4.15,0.43,23.86,2.14,-0.7071067811865477,0.7071067811865474,1.0,6.123233995736766e-17,0.8587639582758029,0.5123714121284237,1,16.6870449,74.2505872,101.10552763819095
2025-03-01 21:45:00+00:00,"Shivaji University, Kolhapur - MPCB",35.94,76.37,4.72,0.51,16.53,2.59,-0.7071067811865477,0.7071067811865474,1.0,6.123233995736766e-17,0.8587639582758029,0.5123714121284237,1,16.6870449,74.2505872,101.10552763819095
2025-03-01 22:00:00+00:00,"Shivaji University, Kolhapur - MPCB",35.44,76.03,6.18,0.58,9.62,1.79,-0.5000000000000004,0.8660254037844384,1.0,6.123233995736766e-17,0.8587639582758029,0.5123714121284237,1,16.6870449,74.2505872,99.84924623115577
2025-03-01 22:15:00+00:00,"Shivaji University, Kolhapur - MPCB",34.33,75.27,6.67,0.6,7.5,1.39,-0.5000000000000004,0.8660254037844384,1.0,6.123233995736766e-17,0.8587639582758029,0.5123714121284237,1,16.6870449,74.2505872,97.7038626609442
2025-03-01 22:30:00+00:00,"Shivaji University, Kolhapur - MPCB",34.33,75.27,7.58,0.52,4.44,1.55,-0.5000000000000004,0.8660254037844384,1.0,6.123233995736766e-17,0.8587639582758029,0.5123714121284237,1,16.6870449,74.2505872,97.7038626609442
2025-03-01 22:45:00+00:00,"Shivaji University, Kolhapur - MPCB",34.33,75.27,7.64,0.55,5.94,1.36,-0.5000000000000004,0.8660254037844384,1.0,6.123233995736766e-17,0.8587639582758029,0.5123714121284237,1,16.6870449,74.2505872,97.7038626609442
2025-03-01 23:00:00+00:00,"Shivaji University, Kolhapur - MPCB",36.14,75.34,7.27,0.54,6.23,1.17,-0.25881904510252157,0.9659258262890681,1.0,6.123233995736766e-17,0.8587639582758029,0.5123714121284237,1,16.6870449,74.2505872,101.60804020100502
2025-03-01 23:15:00+00:00,"Shivaji University, Kolhapur - MPCB",40.14,75.48,7.41,0.55,7.29,1.37,-0.25881904510252157,0.9659258262890681,1.0,6.123233995736766e-17,0.8587639582758029,0.5123714121284237,1,16.6870449,74.2505872,111.65829145728644
2025-03-01 23:30:00+00:00,"Shivaji University, Kolhapur - MPCB",40.14,75.48,6.78,0.52,8.58,1.31,-0.25881904510252157,0.9659258262890681,1.0,6.123233995736766e-17,0.8587639582758029,0.5123714121284237,1,16.6870449,74.2505872,111.65829145728644
2025-03-02 00:00:00+00:00,"Shivaji University, Kolhapur - MPCB",40.6,76.78,6.01,0.53,7.09,1.56,0.0,1.0,1.0,6.123233995736766e-17,0.8674563547295969,0.49751328890718066,1,16.6870449,74.2505872,112.8140703517588
2025-03-02 00:15:00+00:00,"Shivaji University, Kolhapur - MPCB",41.6,79.5,6.24,0.56,7.97,1.28,0.0,1.0,1.0,6.123233995736766e-17,0.8674563547295969,0.49751328890718066,1,16.6870449,74.2505872,115.32663316582915
2025-03-02 00:30:00+00:00,"Shivaji University, Kolhapur - MPCB",41.6,79.5,7.02,0.57,9.99,1.52,0.0,1.0,1.0,6.123233995736766e-17,0.8674563547295969,0.49751328890718066,1,16.6870449,74.2505872,115.32663316582915
2025-03-02 00:45:00+00:00,"Shivaji University, Kolhapur - MPCB",41.6,79.5,7.1,0.63,14.9,1.5,0.0,1.0,1.0,6.123233995736766e-17,0.8674563547295969,0.49751328890718066,1,16.6870449,74.2505872,115.32663316582915
2025-03-02 01:00:00+00:00,"Shivaji University, Kolhapur - MPCB",41.5,80.65,6.77,0.62,15.04,1.81,0.25881904510252074,0.9659258262890683,1.0,6.123233995736766e-17,0.8674563547295969,0.49751328890718066,1,16.6870449,74.2505872,115.07537688442211
2025-03-02 01:30:00+00:00,"Shivaji University, Kolhapur - MPCB",41.5,80.65,6.57,0.62,15.04,1.81,0.25881904510252074,0.9659258262890683,1.0,6.123233995736766e-17,0.8674563547295969,0.49751328890718066,1,16.6870449,74.2505872,115.07537688442211
2025-03-02 01:45:00+00:00,"Shivaji University, Kolhapur - MPCB",41.27,83.08,7.33,0.75,13.57,1.15,0.25881904510252074,0.9659258262890683,1.0,6.123233995736766e-17,0.8674563547295969,0.49751328890718066,1,16.6870449,74.2505872,114.49748743718594
2025-03-02 02:30:00+00:00,"Shivaji University, Kolhapur - MPCB",53.22,92.04,7.85,0.88,11.24,3.62,0.49999999999999994,0.8660254037844387,1.0,6.123233995736766e-17,0.8674563547295969,0.49751328890718066,1,16.6870449,74.2505872,144.52261306532662
2025-03-02 02:45:00+00:00,"Shivaji University, Kolhapur - MPCB",53.22,92.04,7.58,0.76,14.07,7.66,0.49999999999999994,0.8660254037844387,1.0,6.123233995736766e-17,0.8674563547295969,0.49751328890718066,1,16.6870449,74.2505872,144.52261306532662
2025-03-02 03:00:00+00:00,"Shivaji University, Kolhapur - MPCB",53.28,97.28,7.32,0.76,30.38,7.8,0.7071067811865476,0.7071067811865476,1.0,6.123233995736766e-17,0.8674563547295969,0.49751328890718066,1,16.6870449,74.2505872,144.67336683417085
2025-03-02 03:15:00+00:00,"Shivaji University, Kolhapur - MPCB",53.28,97.28,7.47,0.76,30.38,9.05,0.7071067811865476,0.7071067811865476,1.0,6.123233995736766e-17,0.8674563547295969,0.49751328890718066,1,16.6870449,74.2505872,144.67336683417085
2025-03-02 03:30:00+00:00,"Shivaji University, Kolhapur - MPCB",53.43,108.32,7.91,0.7,39.77,10.11,0.7071067811865476,0.7071067811865476,1.0,6.123233995736766e-17,0.8674563547295969,0.49751328890718066,1,16.6870449,74.2505872,145.0502512562814
2025-03-02 03:45:00+00:00,"Shivaji University, Kolhapur - MPCB",53.43,108.32,9.05,0.77,48.44,9.88,0.7071067811865476,0.7071067811865476,1.0,6.123233995736766e-17,0.8674563547295969,0.49751328890718066,1,16.6870449,74.2505872,145.0502512562814
2025-03-02 04:30:00+00:00,"Shivaji University, Kolhapur - MPCB",50.31,112.95,7.24,0.65,65.74,11.18,0.8660254037844386,0.5000000000000001,1.0,6.123233995736766e-17,0.8674563547295969,0.49751328890718066,1,16.6870449,74.2505872,137.21105527638193
2025-03-02 04:45:00+00:00,"Shivaji University, Kolhapur - MPCB",50.31,112.95,7.91,0.45,67.92,10.18,0.8660254037844386,0.5000000000000001,1.0,6.123233995736766e-17,0.8674563547295969,0.49751328890718066,1,16.6870449,74.2505872,137.21105527638193
2025-03-02 05:15:00+00:00,"Shivaji University, Kolhapur - MPCB",50.44,101.0,4.99,0.3,75.29,8.28,0.9659258262890683,0.25881904510252074,1.0,6.123233995736766e-17,0.8674563547295969,0.49751328890718066,1,16.6870449,74.2505872,137.53768844221105
2025-03-02 05:30:00+00:00,"Shivaji University, Kolhapur - MPCB",50.44,101.0,5.4,0.3,75.29,7.82,0.9659258262890683,0.25881904510252074,1.0,6.123233995736766e-17,0.8674563547295969,0.49751328890718066,1,16.6870449,74.2505872,137.53768844221105
2025-03-02 05:45:00+00:00,"Shivaji University, Kolhapur - MPCB",50.44,101.0,7.31,0.39,71.57,7.82,0.9659258262890683,0.25881904510252074,1.0,6.123233995736766e-17,0.8674563547295969,0.49751328890718066,1,16.6870449,74.2505872,137.53768844221105
2025-03-02 06:00:00+00:00,"Shivaji University, Kolhapur - MPCB",47.14,100.39,5.42,0.32,74.53,7.68,1.0,6.123233995736766e-17,1.0,6.123233995736766e-17,0.8674563547295969,0.49751328890718066,1,16.6870449,74.2505872,129.2462311557789
2025-03-02 06:15:00+00:00,"Shivaji University, Kolhapur - MPCB",40.42,99.21,4.52,0.38,83.29,8.06,1.0,6.123233995736766e-17,1.0,6.123233995736766e-17,0.8674563547295969,0.49751328890718066,1,16.6870449,74.2505872,112.36180904522614
2025-03-02 06:30:00+00:00,"Shivaji University, Kolhapur - MPCB",40.42,99.21,5.49,0.33,88.36,7.9,1.0,6.123233995736766e-17,1.0,6.123233995736766e-17,0.8674563547295969,0.49751328890718066,1,16.6870449,74.2505872,112.36180904522614
2025-03-02 07:00:00+00:00,"Shivaji University, Kolhapur - MPCB",40.42,99.21,5.94,0.37,84.16,7.65,0.9659258262890683,-0.25881904510252063,1.0,6.123233995736766e-17,0.8674563547295969,0.49751328890718066,1,16.6870449,74.2505872,112.36180904522614
2025-03-02 07:15:00+00:00,"Shivaji University, Kolhapur - MPCB",39.51,96.01,3.98,0.33,97.14,6.82,0.9659258262890683,-0.25881904510252063,1.0,6.123233995736766e-17,0.8674563547295969,0.49751328890718066,1,16.6870449,74.2505872,110.0753768844221
2025-03-02 07:30:00+00:00,"Shivaji University, Kolhapur - MPCB",37.87,90.49,3.24,0.28,102.82,6.54,0.9659258262890683,-0.25881904510252063,1.0,6.123233995736766e-17,0.8674563547295969,0.49751328890718066,1,16.6870449,74.2505872,105.95477386934672
2025-03-02 08:00:00+00:00,"Shivaji University, Kolhapur - MPCB",34.98,86.61,2.76,0.25,95.53,3.37,0.8660254037844387,-0.4999999999999998,1.0,6.123233995736766e-17,0.8674563547295969,0.49751328890718066,1,16.6870449,74.2505872,99.09871244635193
2025-03-02 08:45:00+00:00,"Shivaji University, Kolhapur - MPCB",29.73,79.9,2.78,0.23,101.15,5.43,0.8660254037844387,-0.4999999999999998,1.0,6.123233995736766e-17,0.8674563547295969,0.49751328890718066,1,16.6870449,74.2505872,87.83261802575109
2025-03-02 09:45:00+00:00,"Shivaji University, Kolhapur - MPCB",29.23,69.98,2.58,0.21,103.37,5.14,0.7071067811865476,-0.7071067811865475,1.0,6.123233995736766e-17,0.8674563547295969,0.49751328890718066,1,16.6870449,74.2505872,86.75965665236052
2025-03-02 10:45:00+00:00,"Shivaji University, Kolhapur - MPCB",28.6,63.75,2.37,0.2,107.23,6.84,0.49999999999999994,-0.8660254037844387,1.0,6.123233995736766e-17,0.8674563547295969,0.49751328890718066,1,16.6870449,74.2505872,85.40772532188842
2025-03-02 11:00:00+00:00,"Shivaji University, Kolhapur - MPCB",28.6,63.75,4.26,0.2,107.23,8.15,0.258819045102521,-0.9659258262890682,1.0,6.123233995736766e-17,0.8674563547295969,0.49751328890718066,1,16.6870449,74.2505872,85.40772532188842
2025-03-02 11:15:00+00:00,"Shivaji University, Kolhapur - MPCB",29.16,62.74,6.14,0.32,105.67,7.17,0.258819045102521,-0.9659258262890682,1.0,6.123233995736766e-17,0.8674563547295969,0.49751328890718066,1,16.6870449,74.2505872,86.60944206008585
2025-03-02 11:30:00+00:00,"Shivaji University, Kolhapur - MPCB",30.4,60.65,3.52,0.2,94.78,6.62,0.258819045102521,-0.9659258262890682,1.0,6.123233995736766e-17,0.8674563547295969,0.49751328890718066,1,16.6870449,74.2505872,89.27038626609442
2025-03-02 11:45:00+00:00,"Shivaji University, Kolhapur - MPCB",30.4,60.65,3.75,0.28,90.45,6.74,0.258819045102521,-0.9659258262890682,1.0,6.123233995736766e-17,0.8674563547295969,0.49751328890718066,1,16.6870449,74.2505872,89.27038626609442
2025-03-02 12:15:00+00:00,"Shivaji University, Kolhapur - MPCB",30.47,61.71,3.08,0.29,72.78,5.73,1.2246467991473532e-16,-1.0,1.0,6.123233995736766e-17,0.8674563547295969,0.49751328890718066,1,16.6870449,74.2505872,89.4206008583691
2025-03-02 12:45:00+00:00,"Shivaji University, Kolhapur - MPCB",30.47,61.71,7.18,0.29,72.78,5.73,1.2246467991473532e-16,-1.0,1.0,6.123233995736766e-17,0.8674563547295969,0.49751328890718066,1,16.6870449,74.2505872,89.4206008583691
2025-03-02 13:00:00+00:00,"Shivaji University, Kolhapur - MPCB",30.47,61.71,7.8,0.46,51.47,3.93,-0.2588190451025208,-0.9659258262890683,1.0,6.123233995736766e-17,0.8674563547295969,0.49751328890718066,1,16.6870449,74.2505872,89.4206008583691
2025-03-02 13:15:00+00:00,"Shivaji University, Kolhapur - MPCB",29.06,72.15,13.09,0.93,38.4,4.21,-0.2588190451025208,-0.9659258262890683,1.0,6.123233995736766e-17,0.8674563547295969,0.49751328890718066,1,16.6870449,74.2505872,86.39484978540773
2025-03-02 13:30:00+00:00,"Shivaji University, Kolhapur - MPCB",29.06,72.15,14.05,0.93,38.4,4.22,-0.2588190451025208,-0.9659258262890683,1.0,6.123233995736766e-17,0.8674563547295969,0.49751328890718066,1,16.6870449,74.2505872,86.39484978540773
2025-03-02 14:00:00+00:00,"Shivaji University, Kolhapur - MPCB",29.06,72.15,16.07,0.88,17.96,3.17,-0.4999999999999997,-0.8660254037844388,1.0,6.123233995736766e-17,0.8674563547295969,0.49751328890718066,1,16.6870449,74.2505872,86.39484978540773
2025-03-02 14:15:00+00:00,"Shivaji University, Kolhapur - MPCB",35.46,85.98,15.24,1.28,18.1,3.17,-0.4999999999999997,-0.8660254037844388,1.0,6.123233995736766e-17,0.8674563547295969,0.49751328890718066,1,16.6870449,74.2505872,99.89949748743719
2025-03-02 14:30:00+00:00,"Shivaji University, Kolhapur - MPCB",47.78,111.26,10.14,1.0,37.92,3.51,-0.4999999999999997,-0.8660254037844388,1.0,6.123233995736766e-17,0.8674563547295969,0.49751328890718066,1,16.6870449,74.2505872,130.85427135678393
2025-03-02 14:45:00+00:00,"Shivaji University, Kolhapur - MPCB",47.78,111.26,9.96,0.78,49.63,4.24,-0.4999999999999997,-0.8660254037844388,1.0,6.123233995736766e-17,0.8674563547295969,0.49751328890718066,1,16.6870449,74.2505872,130.85427135678393
2025-03-02 15:00:00+00:00,"Shivaji University, Kolhapur - MPCB",47.78,111.26,10.5,0.86,38.28,4.12,-0.7071067811865471,-0.7071067811865479,1.0,6.123233995736766e-17,0.8674563547295969,0.49751328890718066,1,16.6870449,74.2505872,130.85427135678393
2025-03-02 15:30:00+00:00,"Shivaji University, Kolhapur - MPCB",50.08,115.74,9.36,0.88,35.13,4.26,-0.7071067811865471,-0.7071067811865479,1.0,6.123233995736766e-17,0.8674563547295969,0.49751328890718066,1,16.6870449,74.2505872,136.63316582914572
2025-03-02 15:45:00+00:00,"Shivaji University, Kolhapur - MPCB",50.08,115.74,8.79,0.79,44.54,3.48,-0.7071067811865471,-0.7071067811865479,1.0,6.123233995736766e-17,0.8674563547295969,0.49751328890718066,1,16.6870449,74.2505872,136.63316582914572
2025-03-02 16:00:00+00:00,"Shivaji University, Kolhapur - MPCB",50.08,115.74,9.93,0.82,38.58,3.34,-0.8660254037844385,-0.5000000000000004,1.0,6.123233995736766e-17,0.8674563547295969,0.49751328890718066,1,16.6870449,74.2505872,136.63316582914572
2025-03-02 16:30:00+00:00,"Shivaji University, Kolhapur - MPCB",45.74,110.61,8.08,0.77,39.85,2.9,-0.8660254037844385,-0.5000000000000004,1.0,6.123233995736766e-17,0.8674563547295969,0.49751328890718066,1,16.6870449,74.2505872,125.72864321608041
2025-03-02 17:00:00+00:00,"Shivaji University, Kolhapur - MPCB",45.74,110.61,9.42,0.73,29.21,3.47,-0.9659258262890683,-0.25881904510252063,1.0,6.123233995736766e-17,0.8674563547295969,0.49751328890718066,1,16.6870449,74.2505872,125.72864321608041
2025-03-02 17:30:00+00:00,"Shivaji University, Kolhapur - MPCB",42.38,105.33,6.61,0.57,35.99,3.48,-0.9659258262890683,-0.25881904510252063,1.0,6.123233995736766e-17,0.8674563547295969,0.49751328890718066,1,16.6870449,74.2505872,117.28643216080403
2025-03-02 17:45:00+00:00,"Shivaji University, Kolhapur - MPCB",42.38,105.33,8.38,0.62,30.47,2.93,-0.9659258262890683,-0.25881904510252063,1.0,6.123233995736766e-17,0.8674563547295969,0.49751328890718066,1,16.6870449,74.2505872,117.28643216080403
2025-03-02 18:00:00+00:00,"Shivaji University, Kolhapur - MPCB",42.16,105.75,7.18,0.57,33.54,2.72,-1.0,-1.8369701987210297e-16,1.0,6.123233995736766e-17,0.8674563547295969,0.49751328890718066,1,16.6870449,74.2505872,116.73366834170854
2025-03-02 18:15:00+00:00,"Shivaji University, Kolhapur - MPCB",41.77,106.52,7.1,0.6,30.55,2.73,-1.0,-1.8369701987210297e-16,1.0,6.123233995736766e-17,0.8674563547295969,0.49751328890718066,1,16.6870449,74.2505872,115.75376884422111
2025-03-02 19:15:00+00:00,"Shivaji University, Kolhapur - MPCB",41.52,103.72,6.27,0.6,28.23,2.16,-0.9659258262890684,0.2588190451025203,1.0,6.123233995736766e-17,0.8674563547295969,0.49751328890718066,1,16.6870449,74.2505872,115.12562814070353
2025-03-02 19:30:00+00:00,"Shivaji University, Kolhapur - MPCB",41.1,98.82,5.59,0.55,28.47,1.42,-0.9659258262890684,0.2588190451025203,1.0,6.123233995736766e-17,0.8674563547295969,0.49751328890718066,1,16.6870449,74.2505872,114.07035175879398
2025-03-02 19:45:00+00:00,"Shivaji University, Kolhapur - MPCB",41.1,98.82,4.9,0.49,30.76,1.65,-0.9659258262890684,0.2588190451025203,1.0,6.123233995736766e-17,0.8674563547295969,0.49751328890718066,1,16.6870449,74.2505872,114.07035175879398
2025-03-02 20:00:00+00:00,"Shivaji University, Kolhapur - MPCB",41.1,98.82,4.65,0.46,32.24,1.65,-0.8660254037844386,0.5000000000000001,1.0,6.123233995736766e-17,0.8674563547295969,0.49751328890718066,1,16.6870449,74.2505872,114.07035175879398
2025-03-02 20:15:00+00:00,"Shivaji University, Kolhapur - MPCB",39.97,96.65,6.03,0.42,36.73,1.92,-0.8660254037844386,0.5000000000000001,1.0,6.123233995736766e-17,0.8674563547295969,0.49751328890718066,1,16.6870449,74.2505872,111.23115577889448
2025-03-02 20:30:00+00:00,"Shivaji University, Kolhapur - MPCB",37.71,92.3,4.86,0.41,33.5,1.82,-0.8660254037844386,0.5000000000000001,1.0,6.123233995736766e-17,0.8674563547295969,0.49751328890718066,1,16.6870449,74.2505872,105.55276381909547
2025-03-02 20:45:00+00:00,"Shivaji University, Kolhapur - MPCB",37.71,92.3,4.58,0.43,33.61,1.49,-0.8660254037844386,0.5000000000000001,1.0,6.123233995736766e-17,0.8674563547295969,0.49751328890718066,1,16.6870449,74.2505872,105.55276381909547
2025-03-02 21:00:00+00:00,"Shivaji University, Kolhapur - MPCB",37.71,92.3,4.25,0.44,28.81,1.74,-0.7071067811865477,0.7071067811865474,1.0,6.123233995736766e-17,0.8674563547295969,0.49751328890718066,1,16.6870449,74.2505872,105.55276381909547
2025-03-02 21:15:00+00:00,"Shivaji University, Kolhapur - MPCB",37.75,88.87,6.09,0.45,27.26,1.71,-0.7071067811865477,0.7071067811865474,1.0,6.123233995736766e-17,0.8674563547295969,0.49751328890718066,1,16.6870449,74.2505872,105.65326633165829
2025-03-02 21:30:00+00:00,"Shivaji University, Kolhapur - MPCB",37.83,82.86,5.97,0.47,26.49,1.71,-0.7071067811865477,0.7071067811865474,1.0,6.123233995736766e-17,0.8674563547295969,0.49751328890718066,1,16.6870449,74.2505872,105.85427135678391
2025-03-02 21:45:00+00:00,"Shivaji University, Kolhapur - MPCB",37.83,82.86,5.39,0.47,25.75,1.92,-0.7071067811865477,0.7071067811865474,1.0,6.123233995736766e-17,0.8674563547295969,0.49751328890718066,1,16.6870449,74.2505872,105.85427135678391
2025-03-02 22:00:00+00:00,"Shivaji University, Kolhapur - MPCB",37.83,82.86,6.06,0.47,21.72,1.36,-0.5000000000000004,0.8660254037844384,1.0,6.123233995736766e-17,0.8674563547295969,0.49751328890718066,1,16.6870449,74.2505872,105.85427135678391
2025-03-02 22:15:00+00:00,"Shivaji University, Kolhapur - MPCB",38.07,82.68,5.97,0.46,22.15,1.36,-0.5000000000000004,0.8660254037844384,1.0,6.123233995736766e-17,0.8674563547295969,0.49751328890718066,1,16.6870449,74.2505872,106.4572864321608
2025-03-02 22:30:00+00:00,"Shivaji University, Kolhapur - MPCB",38.55,82.32,4.95,0.41,24.63,1.38,-0.5000000000000004,0.8660254037844384,1.0,6.123233995736766e-17,0.8674563547295969,0.49751328890718066,1,16.6870449,74.2505872,107.66331658291456
2025-03-02 22:45:00+00:00,"Shivaji University, Kolhapur - MPCB",38.55,82.32,4.44,0.43,33.87,1.58,-0.5000000000000004,0.8660254037844384,1.0,6.123233995736766e-17,0.8674563547295969,0.49751328890718066,1,16.6870449,74.2505872,107.66331658291456
2025-03-02 23:15:00+00:00,"Shivaji University, Kolhapur - MPCB",38.21,79.32,4.09,0.49,21.05,1.01,-0.25881904510252157,0.9659258262890681,1.0,6.123233995736766e-17,0.8674563547295969,0.49751328890718066,1,16.6870449,74.2505872,106.80904522613065
2025-03-02 23:30:00+00:00,"Shivaji University, Kolhapur - MPCB",38.21,79.32,3.91,0.51,18.35,1.36,-0.25881904510252157,0.9659258262890681,1.0,6.123233995736766e-17,0.8674563547295969,0.49751328890718066,1,16.6870449,74.2505872,106.80904522613065
2025-03-03 00:00:00+00:00,"Shivaji University, Kolhapur - MPCB",37.69,78.52,4.17,0.55,18.58,0.77,0.0,1.0,1.0,6.123233995736766e-17,0.8758917051442429,0.48250774176121847,0,16.6870449,74.2505872,105.50251256281406
2025-03-03 00:15:00+00:00,"Shivaji University, Kolhapur - MPCB",37.69,78.52,4.17,0.55,18.58,0.77,0.0,1.0,1.0,6.123233995736766e-17,0.8758917051442429,0.48250774176121847,0,16.6870449,74.2505872,105.50251256281406
2025-03-03 00:45:00+00:00,"Shivaji University, Kolhapur - MPCB",36.54,76.77,5.37,0.62,14.48,0.62,0.0,1.0,1.0,6.123233995736766e-17,0.8758917051442429,0.48250774176121847,0,16.6870449,74.2505872,102.61306532663316
2025-03-03 01:00:00+00:00,"Shivaji University, Kolhapur - MPCB",36.54,76.77,6.34,0.62,14.48,0.54,0.25881904510252074,0.9659258262890683,1.0,6.123233995736766e-17,0.8758917051442429,0.48250774176121847,0,16.6870449,74.2505872,102.61306532663316
2025-03-03 01:15:00+00:00,"Shivaji University, Kolhapur - MPCB",36.97,75.83,6.44,0.6,14.59,0.54,0.25881904510252074,0.9659258262890683,1.0,6.123233995736766e-17,0.8758917051442429,0.48250774176121847,0,16.6870449,74.2505872,103.69346733668341
2025-03-03 01:30:00+00:00,"Shivaji University, Kolhapur - MPCB",37.93,73.77,6.98,0.76,12.45,1.17,0.25881904510252074,0.9659258262890683,1.0,6.123233995736766e-17,0.8758917051442429,0.48250774176121847,0,16.6870449,74.2505872,106.10552763819095
2025-03-03 02:00:00+00:00,"Shivaji University, Kolhapur - MPCB",37.93,73.77,8.62,0.87,12.06,1.76,0.49999999999999994,0.8660254037844387,1.0,6.123233995736766e-17,0.8758917051442429,0.48250774176121847,0,16.6870449,74.2505872,106.10552763819095
2025-03-03 02:30:00+00:00,"Shivaji University, Kolhapur - MPCB",45.33,92.36,10.46,0.97,7.94,4.77,0.49999999999999994,0.8660254037844387,1.0,6.123233995736766e-17,0.8758917051442429,0.48250774176121847,0,16.6870449,74.2505872,124.69849246231155
2025-03-03 02:45:00+00:00,"Shivaji University, Kolhapur - MPCB",45.33,92.36,9.74,0.92,19.27,7.92,0.49999999999999994,0.8660254037844387,1.0,6.123233995736766e-17,0.8758917051442429,0.48250774176121847,0,16.6870449,74.2505872,124.69849246231155
2025-03-03 03:15:00+00:00,"Shivaji University, Kolhapur - MPCB",49.17,100.26,7.89,0.69,53.86,12.65,0.7071067811865476,0.7071067811865476,1.0,6.123233995736766e-17,0.8758917051442429,0.48250774176121847,0,16.6870449,74.2505872,134.3467336683417
2025-03-03 03:30:00+00:00,"Shivaji University, Kolhapur - MPCB",57.54,117.46,7.72,0.61,69.36,13.47,0.7071067811865476,0.7071067811865476,1.0,6.123233995736766e-17,0.8758917051442429,0.48250774176121847,0,16.6870449,74.2505872,154.76
2025-03-03 03:45:00+00:00,"Shivaji University, Kolhapur - MPCB",57.54,117.46,7.02,0.55,74.84,14.53,0.7071067811865476,0.7071067811865476,1.0,6.123233995736766e-17,0.8758917051442429,0.48250774176121847,0,16.6870449,74.2505872,154.76
2025-03-03 04:00:00+00:00,"Shivaji University, Kolhapur - MPCB",57.54,116.09,6.92,0.58,81.05,12.97,0.8660254037844386,0.5000000000000001,1.0,6.123233995736766e-17,0.8758917051442429,0.48250774176121847,0,16.6870449,74.2505872,154.76
2025-03-03 04:15:00+00:00,"Shivaji University, Kolhapur - MPCB",54.02,116.09,6.64,0.55,81.05,12.65,0.8660254037844386,0.5000000000000001,1.0,6.123233995736766e-17,0.8758917051442429,0.48250774176121847,0,16.6870449,74.2505872,146.53266331658293
2025-03-03 04:30:00+00:00,"Shivaji University, Kolhapur - MPCB",46.24,113.05,8.42,0.61,69.35,11.06,0.8660254037844386,0.5000000000000001,1.0,6.123233995736766e-17,0.8758917051442429,0.48250774176121847,0,16.6870449,74.2505872,126.98492462311559
2025-03-03 04:45:00+00:00,"Shivaji University, Kolhapur - MPCB",46.24,113.05,7.27,0.42,69.63,9.15,0.8660254037844386,0.5000000000000001,1.0,6.123233995736766e-17,0.8758917051442429,0.48250774176121847,0,16.6870449,74.2505872,126.98492462311559
2025-03-03 05:00:00+00:00,"Shivaji University, Kolhapur - MPCB",46.82,109.05,5.55,0.41,76.08,8.21,0.9659258262890683,0.25881904510252074,1.0,6.123233995736766e-17,0.8758917051442429,0.48250774176121847,0,16.6870449,74.2505872,128.44221105527637
2025-03-03 05:15:00+00:00,"Shivaji University, Kolhapur - MPCB",48.12,100.19,5.38,0.38,80.24,7.55,0.9659258262890683,0.25881904510252074,1.0,6.123233995736766e-17,0.8758917051442429,0.48250774176121847,0,16.6870449,74.2505872,131.70854271356785
2025-03-03 05:30:00+00:00,"Shivaji University, Kolhapur - MPCB",48.12,100.19,4.74,0.37,91.2,7.45,0.9659258262890683,0.25881904510252074,1.0,6.123233995736766e-17,0.8758917051442429,0.48250774176121847,0,16.6870449,74.2505872,131.70854271356785
2025-03-03 06:15:00+00:00,"Shivaji University, Kolhapur - MPCB",45.97,87.94,4.95,0.37,84.52,6.41,1.0,6.123233995736766e-17,1.0,6.123233995736766e-17,0.8758917051442429,0.48250774176121847,0,16.6870449,74.2505872,126.30653266331657
2025-03-03 06:30:00+00:00,"Shivaji University, Kolhapur - MPCB",45.97,87.94,4.31,0.28,84.84,5.17,1.0,6.123233995736766e-17,1.0,6.123233995736766e-17,0.8758917051442429,0.48250774176121847,0,16.6870449,74.2505872,126.30653266331657
2025-03-03 06:45:00+00:00,"Shivaji University, Kolhapur - MPCB",45.97,87.94,3.89,0.31,95.65,5.55,1.0,6.123233995736766e-17,1.0,6.123233995736766e-17,0.8758917051442429,0.48250774176121847,0,16.6870449,74.2505872,126.30653266331657
2025-03-03 07:00:00+00:00,"Shivaji University, Kolhapur - MPCB",44.19,84.89,4.23,0.33,97.4,5.57,0.9659258262890683,-0.25881904510252063,1.0,6.123233995736766e-17,0.8758917051442429,0.48250774176121847,0,16.6870449,74.2505872,121.83417085427135
2025-03-03 07:15:00+00:00,"Shivaji University, Kolhapur - MPCB",40.24,78.11,4.24,0.37,95.6,5.35,0.9659258262890683,-0.25881904510252063,1.0,6.123233995736766e-17,0.8758917051442429,0.48250774176121847,0,16.6870449,74.2505872,111.90954773869348
2025-03-03 07:30:00+00:00,"Shivaji University, Kolhapur - MPCB",40.24,78.11,4.88,0.34,92.5,4.31,0.9659258262890683,-0.25881904510252063,1.0,6.123233995736766e-17,0.8758917051442429,0.48250774176121847,0,16.6870449,74.2505872,111.90954773869348
2025-03-03 07:45:00+00:00,"Shivaji University, Kolhapur - MPCB",40.24,78.11,6.24,0.35,94.38,4.22,0.9659258262890683,-0.25881904510252063,1.0,6.123233995736766e-17,0.8758917051442429,0.48250774176121847,0,16.6870449,74.2505872,111.90954773869348
2025-03-03 08:30:00+00:00,"Shivaji University, Kolhapur - MPCB",34.15,72.77,2.96,0.21,85.8,2.51,0.8660254037844387,-0.4999999999999998,1.0,6.123233995736766e-17,0.8758917051442429,0.48250774176121847,0,16.6870449,74.2505872,97.3175965665236
2025-03-03 11:00:00+00:00,"Shivaji University, Kolhapur - MPCB",34.01,56.62,6.28,0.38,82.53,2.65,0.258819045102521,-0.9659258262890682,1.0,6.123233995736766e-17,0.8758917051442429,0.48250774176121847,0,16.6870449,74.2505872,97.01716738197425
2025-03-03 11:15:00+00:00,"Shivaji University, Kolhapur - MPCB",32.51,51.73,6.28,0.27,82.81,2.59,0.258819045102521,-0.9659258262890682,1.0,6.123233995736766e-17,0.8758917051442429,0.48250774176121847,0,16.6870449,74.2505872,93.79828326180257
2025-03-03 11:30:00+00:00,"Shivaji University, Kolhapur - MPCB",32.51,51.73,6.02,0.27,82.81,2.59,0.258819045102521,-0.9659258262890682,1.0,6.123233995736766e-17,0.8758917051442429,0.48250774176121847,0,16.6870449,74.2505872,93.79828326180257
2025-03-03 11:45:00+00:00,"Shivaji University, Kolhapur - MPCB",32.51,51.73,5.0,0.33,83.67,2.3,0.258819045102521,-0.9659258262890682,1.0,6.123233995736766e-17,0.8758917051442429,0.48250774176121847,0,16.6870449,74.2505872,93.79828326180257
2025-03-03 12:00:00+00:00,"Shivaji University, Kolhapur - MPCB",32.51,51.73,6.78,0.4,81.32,2.3,1.2246467991473532e-16,-1.0,1.0,6.123233995736766e-17,0.8758917051442429,0.48250774176121847,0,16.6870449,74.2505872,93.79828326180257
2025-03-03 12:30:00+00:00,"Shivaji University, Kolhapur - MPCB",30.32,52.34,10.02,0.53,60.62,2.84,1.2246467991473532e-16,-1.0,1.0,6.123233995736766e-17,0.8758917051442429,0.48250774176121847,0,16.6870449,74.2505872,89.09871244635193
2025-03-03 12:45:00+00:00,"Shivaji University, Kolhapur - MPCB",32.62,70.88,5.19,0.79,0.44,15.48,1.2246467991473532e-16,-1.0,1.0,6.123233995736766e-17,0.8758917051442429,0.48250774176121847,0,16.6870449,74.2505872,94.0343347639485
2025-03-03 13:30:00+00:00,"Shivaji University, Kolhapur - MPCB",32.62,70.88,15.72,1.3,5.01,2.49,-0.2588190451025208,-0.9659258262890683,1.0,6.123233995736766e-17,0.8758917051442429,0.48250774176121847,0,16.6870449,74.2505872,94.0343347639485
2025-03-03 13:45:00+00:00,"Shivaji University, Kolhapur - MPCB",32.62,70.88,16.4,1.2,22.65,1.88,-0.2588190451025208,-0.9659258262890683,1.0,6.123233995736766e-17,0.8758917051442429,0.48250774176121847,0,16.6870449,74.2505872,94.0343347639485
2025-03-03 14:00:00+00:00,"Shivaji University, Kolhapur - MPCB",35.22,76.75,11.43,0.87,63.0,2.65,-0.4999999999999997,-0.8660254037844388,1.0,6.123233995736766e-17,0.8758917051442429,0.48250774176121847,0,16.6870449,74.2505872,99.61373390557941
2025-03-03 14:15:00+00:00,"Shivaji University, Kolhapur - MPCB",40.97,89.74,7.02,0.79,61.63,2.03,-0.4999999999999997,-0.8660254037844388,1.0,6.123233995736766e-17,0.8758917051442429,0.48250774176121847,0,16.6870449,74.2505872,113.74371859296483
2025-03-03 14:30:00+00:00,"Shivaji University, Kolhapur - MPCB",40.97,89.74,6.68,0.68,55.6,2.41,-0.4999999999999997,-0.8660254037844388,1.0,6.123233995736766e-17,0.8758917051442429,0.48250774176121847,0,16.6870449,74.2505872,113.74371859296483
2025-03-03 14:45:00+00:00,"Shivaji University, Kolhapur - MPCB",40.97,89.74,8.01,0.74,56.48,1.97,-0.4999999999999997,-0.8660254037844388,1.0,6.123233995736766e-17,0.8758917051442429,0.48250774176121847,0,16.6870449,74.2505872,113.74371859296483
2025-03-03 15:00:00+00:00,"Shivaji University, Kolhapur - MPCB",41.44,87.56,8.86,0.75,50.03,0.89,-0.7071067811865471,-0.7071067811865479,1.0,6.123233995736766e-17,0.8758917051442429,0.48250774176121847,0,16.6870449,74.2505872,114.92462311557789
2025-03-03 15:15:00+00:00,"Shivaji University, Kolhapur - MPCB",42.49,82.73,7.02,0.77,52.49,0.64,-0.7071067811865471,-0.7071067811865479,1.0,6.123233995736766e-17,0.8758917051442429,0.48250774176121847,0,16.6870449,74.2505872,117.56281407035176
2025-03-03 15:30:00+00:00,"Shivaji University, Kolhapur - MPCB",42.49,82.73,6.47,0.76,50.43,0.52,-0.7071067811865471,-0.7071067811865479,1.0,6.123233995736766e-17,0.8758917051442429,0.48250774176121847,0,16.6870449,74.2505872,117.56281407035176
2025-03-03 15:45:00+00:00,"Shivaji University, Kolhapur - MPCB",42.49,82.73,5.92,0.68,49.98,0.75,-0.7071067811865471,-0.7071067811865479,1.0,6.123233995736766e-17,0.8758917051442429,0.48250774176121847,0,16.6870449,74.2505872,117.56281407035176
2025-03-03 16:00:00+00:00,"Shivaji University, Kolhapur - MPCB",42.69,82.3,5.79,0.65,53.12,0.91,-0.8660254037844385,-0.5000000000000004,1.0,6.123233995736766e-17,0.8758917051442429,0.48250774176121847,0,16.6870449,74.2505872,118.06532663316582
2025-03-03 16:15:00+00:00,"Shivaji University, Kolhapur - MPCB",43.14,81.36,5.14,0.64,47.56,1.38,-0.8660254037844385,-0.5000000000000004,1.0,6.123233995736766e-17,0.8758917051442429,0.48250774176121847,0,16.6870449,74.2505872,119.19597989949749
2025-03-03 16:30:00+00:00,"Shivaji University, Kolhapur - MPCB",43.14,81.36,3.98,0.53,58.6,0.8,-0.8660254037844385,-0.5000000000000004,1.0,6.123233995736766e-17,0.8758917051442429,0.48250774176121847,0,16.6870449,74.2505872,119.19597989949749
2025-03-03 16:45:00+00:00,"Shivaji University, Kolhapur - MPCB",43.14,81.36,2.76,0.56,57.42,0.94,-0.8660254037844385,-0.5000000000000004,1.0,6.123233995736766e-17,0.8758917051442429,0.48250774176121847,0,16.6870449,74.2505872,119.19597989949749
2025-03-03 17:15:00+00:00,"Shivaji University, Kolhapur - MPCB",39.13,74.72,3.01,0.59,56.88,0.44,-0.9659258262890683,-0.25881904510252063,1.0,6.123233995736766e-17,0.8758917051442429,0.48250774176121847,0,16.6870449,74.2505872,109.12060301507539
2025-03-03 17:30:00+00:00,"Shivaji University, Kolhapur - MPCB",39.13,74.72,2.39,0.63,50.49,0.4,-0.9659258262890683,-0.25881904510252063,1.0,6.123233995736766e-17,0.8758917051442429,0.48250774176121847,0,16.6870449,74.2505872,109.12060301507539
2025-03-03 17:45:00+00:00,"Shivaji University, Kolhapur - MPCB",39.13,74.72,3.48,0.63,35.65,0.05,-0.9659258262890683,-0.25881904510252063,1.0,6.123233995736766e-17,0.8758917051442429,0.48250774176121847,0,16.6870449,74.2505872,109.12060301507539
2025-03-03 18:00:00+00:00,"Shivaji University, Kolhapur - MPCB",39.17,73.72,2.96,0.57,37.76,0.0,-1.0,-1.8369701987210297e-16,1.0,6.123233995736766e-17,0.8758917051442429,0.48250774176121847,0,16.6870449,74.2505872,109.2211055276382
2025-03-03 18:15:00+00:00,"Shivaji University, Kolhapur - MPCB",39.27,71.49,2.13,0.52,37.72,0.0,-1.0,-1.8369701987210297e-16,1.0,6.123233995736766e-17,0.8758917051442429,0.48250774176121847,0,16.6870449,74.2505872,109.47236180904524
2025-03-03 19:15:00+00:00,"Shivaji University, Kolhapur - MPCB",38.4,68.87,4.11,0.55,33.16,0.0,-0.9659258262890684,0.2588190451025203,1.0,6.123233995736766e-17,0.8758917051442429,0.48250774176121847,0,16.6870449,74.2505872,107.28643216080401
2025-03-03 19:30:00+00:00,"Shivaji University, Kolhapur - MPCB",36.67,63.62,3.95,0.55,29.62,0.0,-0.9659258262890684,0.2588190451025203,1.0,6.123233995736766e-17,0.8758917051442429,0.48250774176121847,0,16.6870449,74.2505872,102.93969849246231
2025-03-03 19:45:00+00:00,"Shivaji University, Kolhapur - MPCB",36.67,63.62,3.98,0.56,26.68,0.0,-0.9659258262890684,0.2588190451025203,1.0,6.123233995736766e-17,0.8758917051442429,0.48250774176121847,0,16.6870449,74.2505872,102.93969849246231
2025-03-03 20:00:00+00:00,"Shivaji University, Kolhapur - MPCB",36.67,63.62,4.06,0.56,26.68,0.0,-0.8660254037844386,0.5000000000000001,1.0,6.123233995736766e-17,0.8758917051442429,0.48250774176121847,0,16.6870449,74.2505872,102.93969849246231
2025-03-03 20:15:00+00:00,"Shivaji University, Kolhapur - MPCB",37.06,63.18,3.86,0.56,26.79,0.0,-0.8660254037844386,0.5000000000000001,1.0,6.123233995736766e-17,0.8758917051442429,0.48250774176121847,0,16.6870449,74.2505872,103.91959798994975
2025-03-03 20:30:00+00:00,"Shivaji University, Kolhapur - MPCB",37.9,62.18,3.79,0.54,31.55,0.0,-0.8660254037844386,0.5000000000000001,1.0,6.123233995736766e-17,0.8758917051442429,0.48250774176121847,0,16.6870449,74.2505872,106.03015075376884
2025-03-03 20:45:00+00:00,"Shivaji University, Kolhapur - MPCB",37.9,62.18,3.72,0.54,26.44,0.0,-0.8660254037844386,0.5000000000000001,1.0,6.123233995736766e-17,0.8758917051442429,0.48250774176121847,0,16.6870449,74.2505872,106.03015075376884
2025-03-03 21:15:00+00:00,"Shivaji University, Kolhapur - MPCB",37.11,60.98,3.89,0.52,30.3,0.0,-0.7071067811865477,0.7071067811865474,1.0,6.123233995736766e-17,0.8758917051442429,0.48250774176121847,0,16.6870449,74.2505872,104.04522613065326
2025-03-03 21:45:00+00:00,"Shivaji University, Kolhapur - MPCB",35.36,58.31,4.54,0.5,30.11,0.0,-0.7071067811865477,0.7071067811865474,1.0,6.123233995736766e-17,0.8758917051442429,0.48250774176121847,0,16.6870449,74.2505872,99.91416309012877
2025-03-03 22:00:00+00:00,"Shivaji University, Kolhapur - MPCB",35.36,58.31,4.16,0.47,37.51,0.0,-0.5000000000000004,0.8660254037844384,1.0,6.123233995736766e-17,0.8758917051442429,0.48250774176121847,0,16.6870449,74.2505872,99.91416309012877
2025-03-03 22:15:00+00:00,"Shivaji University, Kolhapur - MPCB",35.22,47.18,3.79,0.45,46.11,0.0,-0.5000000000000004,0.8660254037844384,1.0,6.123233995736766e-17,0.8758917051442429,0.48250774176121847,0,16.6870449,74.2505872,99.61373390557941
2025-03-03 22:30:00+00:00,"Shivaji University, Kolhapur - MPCB",35.22,47.18,3.49,0.4,51.88,0.0,-0.5000000000000004,0.8660254037844384,1.0,6.123233995736766e-17,0.8758917051442429,0.48250774176121847,0,16.6870449,74.2505872,99.61373390557941
2025-03-03 22:45:00+00:00,"Shivaji University, Kolhapur - MPCB",35.22,47.18,3.6,0.43,47.42,0.03,-0.5000000000000004,0.8660254037844384,1.0,6.123233995736766e-17,0.8758917051442429,0.48250774176121847,0,16.6870449,74.2505872,99.61373390557941
2025-03-03 23:00:00+00:00,"Shivaji University, Kolhapur - MPCB",34.67,48.56,5.97,0.44,35.54,0.0,-0.25881904510252157,0.9659258262890681,1.0,6.123233995736766e-17,0.8758917051442429,0.48250774176121847,0,16.6870449,74.2505872,98.43347639484979
2025-03-03 23:15:00+00:00,"Shivaji University, Kolhapur - MPCB",33.44,51.61,6.3,0.44,33.4,0.0,-0.25881904510252157,0.9659258262890681,1.0,6.123233995736766e-17,0.8758917051442429,0.48250774176121847,0,16.6870449,74.2505872,95.79399141630901
2025-03-03 23:30:00+00:00,"Shivaji University, Kolhapur - MPCB",33.44,51.61,5.2,0.48,35.94,0.0,-0.25881904510252157,0.9659258262890681,1.0,6.123233995736766e-17,0.8758917051442429,0.48250774176121847,0,16.6870449,74.2505872,95.79399141630901
2025-03-03 23:45:00+00:00,"Shivaji University, Kolhapur - MPCB",33.44,51.61,4.7,0.46,38.79,0.0,-0.25881904510252157,0.9659258262890681,1.0,6.123233995736766e-17,0.8758917051442429,0.48250774176121847,0,16.6870449,74.2505872,95.79399141630901
2025-03-04 00:00:00+00:00,"Shivaji University, Kolhapur - MPCB",33.26,53.59,4.55,0.45,39.99,0.0,0.0,1.0,1.0,6.123233995736766e-17,0.8840675099433636,0.4673592171580022,0,16.6870449,74.2505872,95.40772532188842
2025-03-04 00:30:00+00:00,"Shivaji University, Kolhapur - MPCB",32.86,57.98,7.41,0.62,35.21,0.0,0.0,1.0,1.0,6.123233995736766e-17,0.8840675099433636,0.4673592171580022,0,16.6870449,74.2505872,94.54935622317598
2025-03-04 01:00:00+00:00,"Shivaji University, Kolhapur - MPCB",32.86,57.98,8.53,0.75,33.12,0.0,0.25881904510252074,0.9659258262890683,1.0,6.123233995736766e-17,0.8840675099433636,0.4673592171580022,0,16.6870449,74.2505872,94.54935622317598
2025-03-04 01:15:00+00:00,"Shivaji University, Kolhapur - MPCB",33.16,59.95,9.08,0.75,22.89,0.0,0.25881904510252074,0.9659258262890683,1.0,6.123233995736766e-17,0.8840675099433636,0.4673592171580022,0,16.6870449,74.2505872,95.1931330472103
2025-03-04 01:45:00+00:00,"Shivaji University, Kolhapur - MPCB",33.83,5374.07,10.4,1.03,11.65,0.0,0.25881904510252074,0.9659258262890683,1.0,6.123233995736766e-17,0.8840675099433636,0.4673592171580022,0,16.6870449,74.2505872,500.0
2025-03-04 02:00:00+00:00,"Shivaji University, Kolhapur - MPCB",33.83,5374.07,10.59,1.03,13.24,0.0,0.49999999999999994,0.8660254037844387,1.0,6.123233995736766e-17,0.8840675099433636,0.4673592171580022,0,16.6870449,74.2505872,500.0
2025-03-04 02:15:00+00:00,"Shivaji University, Kolhapur - MPCB",40.94,3618.81,10.24,1.17,13.11,0.0,0.49999999999999994,0.8660254037844387,1.0,6.123233995736766e-17,0.8840675099433636,0.4673592171580022,0,16.6870449,74.2505872,500.0
2025-03-04 02:30:00+00:00,"Shivaji University, Kolhapur - MPCB",52.88,672.48,10.6,1.2,15.54,1.72,0.49999999999999994,0.8660254037844387,1.0,6.123233995736766e-17,0.8840675099433636,0.4673592171580022,0,16.6870449,74.2505872,500.0
2025-03-04 02:45:00+00:00,"Shivaji University, Kolhapur - MPCB",52.88,672.48,11.71,1.02,17.69,3.7,0.49999999999999994,0.8660254037844387,1.0,6.123233995736766e-17,0.8840675099433636,0.4673592171580022,0,16.6870449,74.2505872,500.0
2025-03-04 03:00:00+00:00,"Shivaji University, Kolhapur - MPCB",54.38,476.9,10.15,0.72,41.66,4.44,0.7071067811865476,0.7071067811865476,1.0,6.123233995736766e-17,0.8840675099433636,0.4673592171580022,0,16.6870449,74.2505872,500.0
2025-03-04 03:15:00+00:00,"Shivaji University, Kolhapur - MPCB",54.38,476.9,8.62,0.72,41.66,4.44,0.7071067811865476,0.7071067811865476,1.0,6.123233995736766e-17,0.8840675099433636,0.4673592171580022,0,16.6870449,74.2505872,500.0
2025-03-04 03:45:00+00:00,"Shivaji University, Kolhapur - MPCB",56.67,176.55,9.5,0.67,47.74,4.46,0.7071067811865476,0.7071067811865476,1.0,6.123233995736766e-17,0.8840675099433636,0.4673592171580022,0,16.6870449,74.2505872,152.73000000000002
2025-03-04 04:30:00+00:00,"Shivaji University, Kolhapur - MPCB",17.05,49.63,7.24,0.53,67.89,3.1,0.8660254037844386,0.5000000000000001,1.0,6.123233995736766e-17,0.8840675099433636,0.4673592171580022,0,16.6870449,74.2505872,60.622317596566525
2025-03-04 04:45:00+00:00,"Shivaji University, Kolhapur - MPCB",0.0,0.0,6.12,0.46,79.08,3.24,0.8660254037844386,0.5000000000000001,1.0,6.123233995736766e-17,0.8840675099433636,0.4673592171580022,0,16.6870449,74.2505872,0.0
2025-03-04 05:00:00+00:00,"Shivaji University, Kolhapur - MPCB",0.0,0.0,5.09,0.37,82.19,2.55,0.9659258262890683,0.25881904510252074,1.0,6.123233995736766e-17,0.8840675099433636,0.4673592171580022,0,16.6870449,74.2505872,0.0
2025-03-04 05:15:00+00:00,"Shivaji University, Kolhapur - MPCB",0.0,0.0,5.09,0.37,82.19,2.55,0.9659258262890683,0.25881904510252074,1.0,6.123233995736766e-17,0.8840675099433636,0.4673592171580022,0,16.6870449,74.2505872,0.0
2025-03-04 05:30:00+00:00,"Shivaji University, Kolhapur - MPCB",0.0,0.0,4.68,0.35,82.19,1.81,0.9659258262890683,0.25881904510252074,1.0,6.123233995736766e-17,0.8840675099433636,0.4673592171580022,0,16.6870449,74.2505872,0.0
2025-03-04 05:45:00+00:00,"Shivaji University, Kolhapur - MPCB",19.63,39.41,5.06,0.35,84.63,2.0,0.9659258262890683,0.25881904510252074,1.0,6.123233995736766e-17,0.8840675099433636,0.4673592171580022,0,16.6870449,74.2505872,66.1587982832618
2025-03-04 06:00:00+00:00,"Shivaji University, Kolhapur - MPCB",38.57,78.35,4.15,0.36,91.57,2.0,1.0,6.123233995736766e-17,1.0,6.123233995736766e-17,0.8840675099433636,0.4673592171580022,0,16.6870449,74.2505872,107.71356783919597
2025-03-04 06:15:00+00:00,"Shivaji University, Kolhapur - MPCB",38.57,78.35,4.19,0.33,95.41,1.3,1.0,6.123233995736766e-17,1.0,6.123233995736766e-17,0.8840675099433636,0.4673592171580022,0,16.6870449,74.2505872,107.71356783919597
2025-03-04 06:30:00+00:00,"Shivaji University, Kolhapur - MPCB",38.38,78.07,4.05,0.33,92.51,1.3,1.0,6.123233995736766e-17,1.0,6.123233995736766e-17,0.8840675099433636,0.4673592171580022,0,16.6870449,74.2505872,107.23618090452263
2025-03-04 07:15:00+00:00,"Shivaji University, Kolhapur - MPCB",35.88,74.32,4.11,0.31,96.38,4.68,0.9659258262890683,-0.25881904510252063,1.0,6.123233995736766e-17,0.8840675099433636,0.4673592171580022,0,16.6870449,74.2505872,100.95477386934674
2025-03-04 07:30:00+00:00,"Shivaji University, Kolhapur - MPCB",35.62,73.52,4.24,0.36,104.85,6.26,0.9659258262890683,-0.25881904510252063,1.0,6.123233995736766e-17,0.8840675099433636,0.4673592171580022,0,16.6870449,74.2505872,100.30150753768844
2025-03-04 07:45:00+00:00,"Shivaji University, Kolhapur - MPCB",32.67,64.48,3.88,0.33,108.26,6.26,0.9659258262890683,-0.25881904510252063,1.0,6.123233995736766e-17,0.8840675099433636,0.4673592171580022,0,16.6870449,74.2505872,94.14163090128756
2025-03-04 08:00:00+00:00,"Shivaji University, Kolhapur - MPCB",32.67,64.48,3.33,0.29,111.03,4.06,0.8660254037844387,-0.4999999999999998,1.0,6.123233995736766e-17,0.8840675099433636,0.4673592171580022,0,16.6870449,74.2505872,94.14163090128756
2025-03-04 08:30:00+00:00,"Shivaji University, Kolhapur - MPCB",32.82,64.49,3.42,0.36,108.3,5.55,0.8660254037844387,-0.4999999999999998,1.0,6.123233995736766e-17,0.8840675099433636,0.4673592171580022,0,16.6870449,74.2505872,94.46351931330472
2025-03-04 08:45:00+00:00,"Shivaji University, Kolhapur - MPCB",34.8,64.6,3.47,0.26,122.27,5.55,0.8660254037844387,-0.4999999999999998,1.0,6.123233995736766e-17,0.8840675099433636,0.4673592171580022,0,16.6870449,74.2505872,98.71244635193133
2025-03-04 09:00:00+00:00,"Shivaji University, Kolhapur - MPCB",34.8,64.6,3.82,0.26,119.51,5.76,0.7071067811865476,-0.7071067811865475,1.0,6.123233995736766e-17,0.8840675099433636,0.4673592171580022,0,16.6870449,74.2505872,98.71244635193133
2025-03-04 09:45:00+00:00,"Shivaji University, Kolhapur - MPCB",31.5,60.47,4.04,0.23,103.55,0.16,0.7071067811865476,-0.7071067811865475,1.0,6.123233995736766e-17,0.8840675099433636,0.4673592171580022,0,16.6870449,74.2505872,91.63090128755366
2025-03-04 10:15:00+00:00,"Shivaji University, Kolhapur - MPCB",31.75,60.51,3.76,0.24,99.21,0.49,0.49999999999999994,-0.8660254037844387,1.0,6.123233995736766e-17,0.8840675099433636,0.4673592171580022,0,16.6870449,74.2505872,92.16738197424894
2025-03-04 10:30:00+00:00,"Shivaji University, Kolhapur - MPCB",34.64,61.07,5.14,0.25,86.15,0.05,0.49999999999999994,-0.8660254037844387,1.0,6.123233995736766e-17,0.8840675099433636,0.4673592171580022,0,16.6870449,74.2505872,98.36909871244636
2025-03-04 10:45:00+00:00,"Shivaji University, Kolhapur - MPCB",34.64,61.07,5.33,0.25,89.23,0.02,0.49999999999999994,-0.8660254037844387,1.0,6.123233995736766e-17,0.8840675099433636,0.4673592171580022,0,16.6870449,74.2505872,98.36909871244636
2025-03-04 11:00:00+00:00,"Shivaji University, Kolhapur - MPCB",34.64,61.07,8.67,0.27,76.63,0.0,0.258819045102521,-0.9659258262890682,1.0,6.123233995736766e-17,0.8840675099433636,0.4673592171580022,0,16.6870449,74.2505872,98.36909871244636
2025-03-04 11:15:00+00:00,"Shivaji University, Kolhapur - MPCB",34.89,60.48,8.88,0.38,69.63,0.0,0.258819045102521,-0.9659258262890682,1.0,6.123233995736766e-17,0.8840675099433636,0.4673592171580022,0,16.6870449,74.2505872,98.90557939914163
2025-03-04 11:30:00+00:00,"Shivaji University, Kolhapur - MPCB",37.85,53.4,8.88,0.32,72.22,0.0,0.258819045102521,-0.9659258262890682,1.0,6.123233995736766e-17,0.8840675099433636,0.4673592171580022,0,16.6870449,74.2505872,105.90452261306532
2025-03-04 11:45:00+00:00,"Shivaji University, Kolhapur - MPCB",37.85,53.4,6.55,0.35,73.6,0.0,0.258819045102521,-0.9659258262890682,1.0,6.123233995736766e-17,0.8840675099433636,0.4673592171580022,0,16.6870449,74.2505872,105.90452261306532
2025-03-04 12:00:00+00:00,"Shivaji University, Kolhapur - MPCB",37.85,53.4,6.2,0.34,76.15,0.0,1.2246467991473532e-16,-1.0,1.0,6.123233995736766e-17,0.8840675099433636,0.4673592171580022,0,16.6870449,74.2505872,105.90452261306532
2025-03-04 12:15:00+00:00,"Shivaji University, Kolhapur - MPCB",37.55,53.64,7.53,0.43,67.2,0.0,1.2246467991473532e-16,-1.0,1.0,6.123233995736766e-17,0.8840675099433636,0.4673592171580022,0,16.6870449,74.2505872,105.15075376884421
2025-03-04 12:30:00+00:00,"Shivaji University, Kolhapur - MPCB",34.07,56.38,9.13,0.49,55.61,1.51,1.2246467991473532e-16,-1.0,1.0,6.123233995736766e-17,0.8840675099433636,0.4673592171580022,0,16.6870449,74.2505872,97.14592274678111
2025-03-04 12:45:00+00:00,"Shivaji University, Kolhapur - MPCB",34.07,56.38,9.54,0.52,47.75,3.26,1.2246467991473532e-16,-1.0,1.0,6.123233995736766e-17,0.8840675099433636,0.4673592171580022,0,16.6870449,74.2505872,97.14592274678111
2025-03-04 13:00:00+00:00,"Shivaji University, Kolhapur - MPCB",34.07,56.38,11.05,0.55,26.75,3.57,-0.2588190451025208,-0.9659258262890683,1.0,6.123233995736766e-17,0.8840675099433636,0.4673592171580022,0,16.6870449,74.2505872,97.14592274678111
2025-03-04 13:15:00+00:00,"Shivaji University, Kolhapur - MPCB",34.25,56.81,11.72,0.69,11.72,4.22,-0.2588190451025208,-0.9659258262890683,1.0,6.123233995736766e-17,0.8840675099433636,0.4673592171580022,0,16.6870449,74.2505872,97.53218884120173
2025-03-04 13:30:00+00:00,"Shivaji University, Kolhapur - MPCB",36.35,61.97,12.05,0.74,9.77,5.31,-0.2588190451025208,-0.9659258262890683,1.0,6.123233995736766e-17,0.8840675099433636,0.4673592171580022,0,16.6870449,74.2505872,102.1356783919598
2025-03-04 13:45:00+00:00,"Shivaji University, Kolhapur - MPCB",36.35,61.97,12.33,0.75,7.86,3.6,-0.2588190451025208,-0.9659258262890683,1.0,6.123233995736766e-17,0.8840675099433636,0.4673592171580022,0,16.6870449,74.2505872,102.1356783919598
2025-03-04 14:00:00+00:00,"Shivaji University, Kolhapur - MPCB",36.35,61.97,14.08,0.75,5.11,3.32,-0.4999999999999997,-0.8660254037844388,1.0,6.123233995736766e-17,0.8840675099433636,0.4673592171580022,0,16.6870449,74.2505872,102.1356783919598
